SampleID,PatientID,Time,Sex,Age,UpUnder10,Mutation1,Mutation2,MutationGroup,ppFEV1,ppFEVGroup_2,mCFTR,mCFTRGroup,PI,FEV,ppFEV,FVC,ppFVC,FEV1_FVC
P2H0,P2,T0,female,12,up,F508del,G85E,heterozygous,85,Normal-Mild,no,naive,1,2.16,85,2.61,91,83
P2H12,P2,T12,female,12,up,F508del,G85E,heterozygous,103,Normal-Mild,no,naive,1,2.87,103,3.13,100,92
P4H0,P4,T0,male,16,up,F508del,F508del,homozygous,97,Normal-Mild,yes,teziva,1,3.98,97,5.2,108,77
P4H12,P4,T12,male,16,up,F508del,F508del,homozygous,94,Normal-Mild,yes,teziva,1,4.19,94,4.65,90,89
P11H0,P11,T0,male,17,up,F508del,H199Y,heterozygous,76,Normal-Mild,no,naive,1,3.56,73,3.15,76,89
P11H12,P11,T12,male,17,up,F508del,H199Y,heterozygous,87,Normal-Mild,no,naive,1,3.72,87,4.14,81,91
P14H0,P14,T0,female,7,under,F508del,G542X,heterozygous,87,Normal-Mild,no,naive,1,1.59,87,1.65,86,91
P14H12,P14,T12,female,7,under,F508del,G542X,heterozygous,111,Normal-Mild,no,naive,1,1.59,111,1.65,103,96
P16H0,P16,T0,male,9,under,F508del,I507del,heterozygous,94,Normal-Mild,no,naive,1,1.66,94,1.86,92,89
P16H12,P16,T12,male,9,under,F508del,I507del,heterozygous,98,Normal-Mild,no,naive,1,1.71,98,1.81,90,94
P17H0,P17,T0,male,6,under,F508del,c.580-1G>T,heterozygous,122,Normal-Mild,no,naive,1,1.65,122,1.93,127,86
P17H12,P17,T12,male,6,under,F508del,c.580-1G>T,heterozygous,134,Normal-Mild,no,naive,1,1.69,134,1.91,131,91
P21H0,P21,T0,female,7,under,F508del,G542X,heterozygous,98,Normal-Mild,no,naive,1,1.45,98,1.54,92,94
P21H12,P21,T12,female,7,under,F508del,G542X,heterozygous,73,Normal-Mild,no,naive,1,1.91,73,2,67,96
P26H0,P26,T0,female,11,up,F508del,F508del,homozygous,92,Normal-Mild,yes,lumiva,1,2.08,92,2.43,94,85
P26H12,P26,T12,female,11,up,F508del,F508del,homozygous,96,Normal-Mild,yes,lumiva,1,2.38,96,2.6,91,94
P27H0,P27,T0,male,9,under,F508del,F508del,homozygous,87,Normal-Mild,yes,lumiva,0,1.69,87,1.85,82,92
P27H12,P27,T12,male,9,under,F508del,F508del,homozygous,97,Normal-Mild,yes,lumiva,0,1.77,97,1.86,88,95
