PatientID,Time,Sex,Age,AgeGroup,Mutation1,Mutation2,MutationGroup,Calprotectin
A3,T0,male,38,adult,F508del,F508del,homozygous,76.3
A3,T12,male,38,adult,F508del,F508del,homozygous,16.1
A16,T0,male,46,adult,F508del,F508del,homozygous,8.76
A16,T12,male,46,adult,F508del,F508del,homozygous,21.6
A19,T0,female,48,adult,F508del,F508del,homozygous,18.99
A19,T12,female,48,adult,F508del,F508del,homozygous,16.1
A20,T0,female,45,adult,F508del,R117C,heterozygous,34.32
A20,T12,female,45,adult,F508del,R117C,heterozygous,16.1
P2,T0,female,12,pediatric,F508del,G85E,heterozygous,23.53
P2,T12,female,12,pediatric,F508del,G85E,heterozygous,19.38
P4,T0,male,16,pediatric,F508del,F508del,homozygous,97.84
P4,T12,male,16,pediatric,F508del,F508del,homozygous,0.03
P14,T0,female,7,pediatric,F508del,G542X,heterozygous,70.42
P14,T12,female,7,pediatric,F508del,G542X,heterozygous,28.9
P16,T0,male,9,pediatric,F508del,I507del,heterozygous,10.83
P16,T12,male,9,pediatric,F508del,I507del,heterozygous,27.3
P17,T0,male,6,pediatric,F508del,c.580-1G>T,heterozygous,28.99
P17,T12,male,6,pediatric,F508del,c.580-1G>T,heterozygous,26.2
P20,T0,male,11,pediatric,F508del,G542X,heterozygous,23.77
P20,T12,male,11,pediatric,F508del,G542X,heterozygous,16.1
P21,T0,female,7,pediatric,F508del,G542X,heterozygous,52.03
P21,T12,female,7,pediatric,F508del,G542X,heterozygous,31.5
P25,T0,female,7,pediatric,F508del,Dele 22-23,heterozygous,18.82
P25,T12,female,7,pediatric,F508del,Dele 22-23,heterozygous,26.98
P26,T0,female,11,pediatric,F508del,F508del,homozygous,28.26
P26,T12,female,11,pediatric,F508del,F508del,homozygous,29.5
P27,T0,male,9,pediatric,F508del,F508del,homozygous,36.74
P27,T12,male,9,pediatric,F508del,F508del,homozygous,24.7
