PatientID,Time,Sex,Age,AgeGroup,Mutation1,Mutation2,MutationGroup,ppFEV1,ppFEVGroup_2,mCFTR,mCFTRGroup,PI,CFLD,CFRD,coeliac_disease,colon_carcinoma
A1,T0,male,30,adult,F508del,3849+10kbC>T,heterozygous,84,Normal-Mild,yes,teziva_iva,no,no,no,no,no
A1,T12,male,30,adult,F508del,3849+10kbC>T,heterozygous,77,Normal-Mild,yes,teziva_iva,no,no,no,no,no
A3,T0,male,38,adult,F508del,F508del,homozygous,81,Normal-Mild,yes,teziva_iva,yes,no,no,no,no
A3,T12,male,38,adult,F508del,F508del,homozygous,89,Normal-Mild,yes,teziva_iva,yes,no,no,no,no
A4,T0,female,66,adult,F508del,P205S,heterozygous,32,Moderate-Severe,no,naive,no,no,yes,no,no
A4,T12,female,66,adult,F508del,P205S,heterozygous,39,Moderate-Severe,no,naive,no,no,yes,no,no
A6,T0,male,46,adult,F508del,F508del,homozygous,34,Moderate-Severe,yes,lumiva,yes,no,yes,no,yes
A6,T12,male,46,adult,F508del,F508del,homozygous,55,Moderate-Severe,yes,lumiva,yes,no,yes,no,yes
A7,T0,female,50,adult,F508del,R334W,heterozygous,43,Moderate-Severe,no,naive,no,no,no,no,no
A7,T12,female,50,adult,F508del,R334W,heterozygous,72,Normal-Mild,no,naive,no,no,no,no,no
A8,T0,male,19,adult,F508del,F508del,homozygous,81,Normal-Mild,yes,teziva_iva,yes,no,no,no,no
A8,T12,male,19,adult,F508del,F508del,homozygous,96,Normal-Mild,yes,teziva_iva,yes,no,no,no,no
A9,T0,male,26,adult,F508del,F508del,homozygous,30,Moderate-Severe,yes,lumiva_teziva_iva,yes,yes,yes,no,no
A9,T12,male,26,adult,F508del,F508del,homozygous,46,Moderate-Severe,yes,lumiva_teziva_iva,yes,yes,yes,no,no
A10,T0,male,21,adult,F508del,F508del,homozygous,48,Moderate-Severe,yes,teziva_iva,yes,yes,yes,no,no
A10,T12,male,21,adult,F508del,F508del,homozygous,82,Normal-Mild,yes,teziva_iva,yes,yes,yes,no,no
A12,T0,male,37,adult,F508del,N1303K,heterozygous,41,Moderate-Severe,no,naive,yes,no,no,no,no
A12,T12,male,37,adult,F508del,N1303K,heterozygous,61,Moderate-Severe,no,naive,yes,no,no,no,no
A13,T0,male,37,adult,F508del,F508del,homozygous,83,Normal-Mild,yes,teziva_iva,yes,no,no,no,no
A13,T12,male,37,adult,F508del,F508del,homozygous,97,Normal-Mild,yes,teziva_iva,yes,no,no,no,no
A16,T0,male,46,adult,F508del,F508del,homozygous,62,Moderate-Severe,yes,teziva_iva,yes,no,yes,no,no
A16,T12,male,46,adult,F508del,F508del,homozygous,59,Moderate-Severe,yes,teziva_iva,yes,no,yes,no,no
A17,T0,male,54,adult,F508del,N1303K,heterozygous,52,Moderate-Severe,no,naive,yes,no,no,no,no
A17,T12,male,54,adult,F508del,N1303K,heterozygous,66,Moderate-Severe,no,naive,yes,no,no,no,no
A19,T0,female,48,adult,F508del,F508del,homozygous,64,Moderate-Severe,yes,teziva_iva,yes,no,yes,no,no
A19,T12,female,48,adult,F508del,F508del,homozygous,70,Normal-Mild,yes,teziva_iva,yes,no,yes,no,no
A20,T0,female,45,adult,F508del,R117C,heterozygous,64,Moderate-Severe,yes,teziva_iva,no,no,no,no,no
A20,T12,female,45,adult,F508del,R117C,heterozygous,62,Moderate-Severe,yes,teziva_iva,no,no,no,no,no
A22,T0,male,56,adult,F508del,F508del,homozygous,69,Moderate-Severe,yes,teziva_iva,yes,no,no,no,no
A22,T12,male,56,adult,F508del,F508del,homozygous,84,Normal-Mild,yes,teziva_iva,yes,no,no,no,no
A24,T0,female,63,adult,F508del,L206W,heterozygous,43,Moderate-Severe,yes,teziva_iva,yes,no,yes,no,no
A24,T12,female,63,adult,F508del,L206W,heterozygous,40,Moderate-Severe,yes,teziva_iva,yes,no,yes,no,no
A25,T0,female,23,adult,F508del,H1194/V754M,heterozygous,63,Moderate-Severe,no,naive,yes,no,no,no,no
A25,T12,female,23,adult,F508del,H1194/V754M,heterozygous,80,Normal-Mild,no,naive,yes,no,no,no,no
A26,T0,female,29,adult,F508del,G542X,heterozygous,30,Moderate-Severe,no,naive,yes,no,yes,no,no
A26,T12,female,29,adult,F508del,G542X,heterozygous,53,Moderate-Severe,no,naive,yes,no,yes,no,no
A27,T0,female,49,adult,F508del,F508del,homozygous,86,Normal-Mild,yes,teziva_iva,yes,no,no,no,no
A27,T12,female,49,adult,F508del,F508del,homozygous,92,Normal-Mild,yes,teziva_iva,yes,no,no,no,no
A28,T0,female,38,adult,F508del,F508del,homozygous,46,Moderate-Severe,yes,teziva_iva,no,no,no,no,no
A28,T12,female,38,adult,F508del,F508del,homozygous,62,Moderate-Severe,yes,teziva_iva,no,no,no,no,no
A30,T0,male,26,adult,F508del,F508del,homozygous,66,Moderate-Severe,yes,teziva_iva,yes,no,yes,no,no
A30,T12,male,26,adult,F508del,F508del,homozygous,76,Normal-Mild,yes,teziva_iva,yes,no,yes,no,no
P2,T0,female,12,pediatric,F508del,G85E,heterozygous,85,Normal-Mild,no,naive,yes,no,no,no,no
P2,T12,female,12,pediatric,F508del,G85E,heterozygous,103,Normal-Mild,no,naive,yes,no,no,no,no
P3,T0,female,15,pediatric,F508del,F508del,homozygous,37,Moderate-Severe,yes,lumiva_teziva_iva,yes,no,no,no,no
P3,T12,female,15,pediatric,F508del,F508del,homozygous,62,Moderate-Severe,yes,lumiva_teziva_iva,yes,no,no,no,no
P4,T0,male,16,pediatric,F508del,F508del,homozygous,97,Normal-Mild,yes,teziva_iva,yes,yes,no,no,no
P4,T12,male,16,pediatric,F508del,F508del,homozygous,94,Normal-Mild,yes,teziva_iva,yes,yes,no,no,no
P5,T0,female,17,pediatric,F508del,F508del,homozygous,87,Normal-Mild,yes,teziva_iva,yes,yes,yes,no,no
P5,T12,female,17,pediatric,F508del,F508del,homozygous,100,Normal-Mild,yes,teziva_iva,yes,yes,yes,no,no
P11,T0,male,17,pediatric,F508del,H199Y,heterozygous,76,Normal-Mild,no,naive,yes,yes,no,no,no
P11,T12,male,17,pediatric,F508del,H199Y,heterozygous,87,Normal-Mild,no,naive,yes,yes,no,no,no
P14,T0,female,7,pediatric,F508del,G542X,heterozygous,87,Normal-Mild,no,naive,yes,no,no,no,no
P14,T12,female,7,pediatric,F508del,G542X,heterozygous,111,Normal-Mild,no,naive,yes,no,no,no,no
P16,T0,male,9,pediatric,F508del,I507del,heterozygous,94,Normal-Mild,no,naive,yes,no,no,yes,no
P16,T12,male,9,pediatric,F508del,I507del,heterozygous,98,Normal-Mild,no,naive,yes,no,no,yes,no
P17,T0,male,6,pediatric,F508del,c.580-1G>T,heterozygous,122,Normal-Mild,no,naive,yes,no,no,yes,no
P17,T12,male,6,pediatric,F508del,c.580-1G>T,heterozygous,134,Normal-Mild,no,naive,yes,no,no,yes,no
P20,T0,male,11,pediatric,F508del,G542X,heterozygous,77,Normal-Mild,no,naive,yes,yes,no,yes,no
P20,T12,male,11,pediatric,F508del,G542X,heterozygous,87,Normal-Mild,no,naive,yes,yes,no,yes,no
P21,T0,female,7,pediatric,F508del,G542X,heterozygous,98,Normal-Mild,no,naive,yes,yes,no,no,no
P21,T12,female,7,pediatric,F508del,G542X,heterozygous,73,Normal-Mild,no,naive,yes,yes,no,no,no
P25,T0,female,7,pediatric,F508del,Dele 22-23,heterozygous,109,Normal-Mild,no,naive,yes,no,no,no,no
P25,T12,female,7,pediatric,F508del,Dele 22-23,heterozygous,130,Normal-Mild,no,naive,yes,no,no,no,no
P26,T0,female,11,pediatric,F508del,F508del,homozygous,92,Normal-Mild,yes,lumiva,yes,no,yes,no,no
P26,T12,female,11,pediatric,F508del,F508del,homozygous,96,Normal-Mild,yes,lumiva,yes,no,yes,no,no
P27,T0,male,9,pediatric,F508del,F508del,homozygous,87,Normal-Mild,yes,lumiva,no,no,no,no,no
P27,T12,male,9,pediatric,F508del,F508del,homozygous,97,Normal-Mild,yes,lumiva,no,no,no,no,no
P42,T0,male,17,pediatric,F508del,F508del,homozygous,110,Normal-Mild,yes,teziva_iva,yes,no,no,no,no
P42,T12,male,17,pediatric,F508del,F508del,homozygous,124,Normal-Mild,yes,teziva_iva,yes,no,no,no,no
