PatientID,Time,Sex,Age,AgeGroup,Mutation1,Mutation2,MutationGroup,ALT,AST,GGT
A1,T0,male,30,adult,F508del,3849+10kbC>T,heterozygous,21,17,13
A1,T12,male,30,adult,F508del,3849+10kbC>T,heterozygous,22,24,16
A3,T0,male,38,adult,F508del,F508del,homozygous,27,24,14
A3,T12,male,38,adult,F508del,F508del,homozygous,55,31,25
A4,T0,female,66,adult,F508del,P205S,heterozygous,20,25,13
A4,T12,female,66,adult,F508del,P205S,heterozygous,44,42,18
A6,T0,male,46,adult,F508del,F508del,homozygous,31,26,16
A6,T12,male,46,adult,F508del,F508del,homozygous,71,54,29
A7,T0,female,50,adult,F508del,R334W,heterozygous,27,27,10
A7,T12,female,50,adult,F508del,R334W,heterozygous,89,73,34
A8,T0,male,19,adult,F508del,F508del,homozygous,11,13,13
A8,T12,male,19,adult,F508del,F508del,homozygous,18,20,13
A9,T0,male,26,adult,F508del,F508del,homozygous,78,56,608
A9,T12,male,26,adult,F508del,F508del,homozygous,285,77,276
A10,T0,male,21,adult,F508del,F508del,homozygous,20,14,68
A10,T12,male,21,adult,F508del,F508del,homozygous,42,75,78
A12,T0,male,37,adult,F508del,N1303K,heterozygous,18,22,11
A12,T12,male,37,adult,F508del,N1303K,heterozygous,25,26,12
A13,T0,male,37,adult,F508del,F508del,homozygous,23,37,19
A13,T12,male,37,adult,F508del,F508del,homozygous,15,28,24
A16,T0,male,46,adult,F508del,F508del,homozygous,38,37,14
A16,T12,male,46,adult,F508del,F508del,homozygous,57,46,20
A17,T0,male,54,adult,F508del,N1303K,heterozygous,22,27,19
A17,T12,male,54,adult,F508del,N1303K,heterozygous,18,31,16
A20,T0,female,45,adult,F508del,R117C,heterozygous,11,15,13
A20,T12,female,45,adult,F508del,R117C,heterozygous,12,17,19
A22,T0,male,56,adult,F508del,F508del,homozygous,40,39,23
A22,T12,male,56,adult,F508del,F508del,homozygous,37,32,31
A24,T0,female,63,adult,F508del,L206W,heterozygous,56,40,45
A24,T12,female,63,adult,F508del,L206W,heterozygous,33,34,33
A25,T0,female,23,adult,F508del,H1194/V754M,heterozygous,13,18,9
A25,T12,female,23,adult,F508del,H1194/V754M,heterozygous,21,32,14
A26,T0,female,29,adult,F508del,G542X,heterozygous,31,19,24
A26,T12,female,29,adult,F508del,G542X,heterozygous,30,27,41
A27,T0,female,49,adult,F508del,F508del,homozygous,26,22,21
A27,T12,female,49,adult,F508del,F508del,homozygous,19,18,31
A28,T0,female,38,adult,F508del,F508del,homozygous,36,34,14
A28,T12,female,38,adult,F508del,F508del,homozygous,18,21,14
A30,T0,male,26,adult,F508del,F508del,homozygous,14,19,12
A30,T12,male,26,adult,F508del,F508del,homozygous,20,26,15
P2,T0,female,12,pediatric,F508del,G85E,heterozygous,27,24,14
P2,T12,female,12,pediatric,F508del,G85E,heterozygous,29,29,12
P3,T0,female,15,pediatric,F508del,F508del,homozygous,31,23,14
P3,T12,female,15,pediatric,F508del,F508del,homozygous,15,15,18
P4,T0,male,16,pediatric,F508del,F508del,homozygous,73,30,23
P4,T12,male,16,pediatric,F508del,F508del,homozygous,25,18,19
P5,T0,female,17,pediatric,F508del,F508del,homozygous,42,39,20
P5,T12,female,17,pediatric,F508del,F508del,homozygous,27,25,12
P11,T0,male,17,pediatric,F508del,H199Y,heterozygous,42,33,26
P11,T12,male,17,pediatric,F508del,H199Y,heterozygous,23,24,76
P14,T0,female,7,pediatric,F508del,G542X,heterozygous,32,40,9
P14,T12,female,7,pediatric,F508del,G542X,heterozygous,20,35,14
P16,T0,male,9,pediatric,F508del,I507del,heterozygous,23,32,21
P16,T12,male,9,pediatric,F508del,I507del,heterozygous,20,30,21
P17,T0,male,6,pediatric,F508del,c.580-1G>T,heterozygous,24,26,26
P17,T12,male,6,pediatric,F508del,c.580-1G>T,heterozygous,21,29,19
P20,T0,male,11,pediatric,F508del,G542X,heterozygous,64,58,135
P20,T12,male,11,pediatric,F508del,G542X,heterozygous,26,31,37
P21,T0,female,7,pediatric,F508del,G542X,heterozygous,104,70,52
P21,T12,female,7,pediatric,F508del,G542X,heterozygous,72,41,26
P25,T0,female,7,pediatric,F508del,Dele 22-23,heterozygous,21,31,12
P25,T12,female,7,pediatric,F508del,Dele 22-23,heterozygous,17,33,18
P26,T0,female,11,pediatric,F508del,F508del,homozygous,17,20,13
P26,T12,female,11,pediatric,F508del,F508del,homozygous,23,20,15
P27,T0,male,9,pediatric,F508del,F508del,homozygous,49,40,24
P27,T12,male,9,pediatric,F508del,F508del,homozygous,38,33,19
P42,T0,male,17,pediatric,F508del,F508del,homozygous,11,12,13
P42,T12,male,17,pediatric,F508del,F508del,homozygous,14,12,16
