PatientID,Time,Sex,Age,AgeGroup,Mutation1,Mutation2,MutationGroup,Weight_kg,SD_z_score_weight_2010,Height_cm,SD_z_score_height_2010,BMI_kgm2,SD_z_score_BMI_2010
P2,T0,female,12,pediatric,F508del,G85E,heterozygous,37,-0.9,153,0.11,15.81,-1.13
P2,T12,female,12,pediatric,F508del,G85E,heterozygous,40.6,-0.94,156,-0.17,16.68,-0.97
P3,T0,female,15,pediatric,F508del,F508del,homozygous,31.2,-2.28,151,-1.61,13.68,-2.06
P3,T12,female,15,pediatric,F508del,F508del,homozygous,42.2,-1.23,154,-1,17.79,-0.93
P4,T0,male,16,pediatric,F508del,F508del,homozygous,81.2,1.51,176.5,0.68,26.07,1.28
P4,T12,male,16,pediatric,F508del,F508del,homozygous,66.5,-0.1,178,0.6,20.99,-0.5
P5,T0,female,17,pediatric,F508del,F508del,homozygous,53.5,-0.4,162.5,-0.1,20.26,-0.4
P5,T12,female,17,pediatric,F508del,F508del,homozygous,56,-0.19,164,0.03,20.82,-0.22
P11,T0,male,17,pediatric,F508del,H199Y,heterozygous,58.5,-0.7,175,0.1,19.1,-0.9
P11,T12,male,17,pediatric,F508del,H199Y,heterozygous,64.7,-0.45,177,0.19,20.65,-0.64
P14,T0,female,7,pediatric,F508del,G542X,heterozygous,18.4,-1.76,122,-0.89,12.36,-1.83
P14,T12,female,7,pediatric,F508del,G542X,heterozygous,20.8,-1.66,128,-0.9,12.7,-1.7
P16,T0,male,9,pediatric,F508del,I507del,heterozygous,23.6,-1.53,132.5,-0.92,13.44,-1.61
P16,T12,male,9,pediatric,F508del,I507del,heterozygous,27.2,-1.26,137,-0.87,14.49,-1.23
P17,T0,male,6,pediatric,F508del,c.580-1G>T,heterozygous,23.5,-0.21,119.5,-0.42,16.46,0.01
P17,T12,male,6,pediatric,F508del,c.580-1G>T,heterozygous,32,0.79,125,-0.55,20.48,1.45
P20,T0,male,11,pediatric,F508del,G542X,heterozygous,30.3,-1.31,144,-0.59,14.61,-1.35
P20,T12,male,11,pediatric,F508del,G542X,heterozygous,29.9,-1.79,145.5,-1.32,14.12,-1.73
P21,T0,female,7,pediatric,F508del,G542X,heterozygous,24.2,-0.6,124,-0.46,15.74,-0.5
P21,T12,female,7,pediatric,F508del,G542X,heterozygous,28.6,-0.38,130.5,-0.31,16.79,-0.28
P25,T0,female,7,pediatric,F508del,Dele 22-23,heterozygous,24,-0.63,130,0.75,14.2,-1.1
P25,T12,female,7,pediatric,F508del,Dele 22-23,heterozygous,26.6,-0.6,134.5,0.5,14.7,-1
P26,T0,female,11,pediatric,F508del,F508del,homozygous,35.4,-1.05,148,-0.48,16.16,-1.01
P26,T12,female,11,pediatric,F508del,F508del,homozygous,37,-1.3,151.5,-0.9,16.12,-1.1
P27,T0,male,9,pediatric,F508del,F508del,homozygous,40,0.37,138,-0.46,21,0.79
P27,T12,male,9,pediatric,F508del,F508del,homozygous,44.2,0.3,139.5,-1.1,22.71,0.9
P42,T0,male,17,pediatric,F508del,F508del,homozygous,62.4,-0.6,172,-0.5,21.1,-0.4
P42,T12,male,17,pediatric,F508del,F508del,homozygous,61.1,-1.2,171.5,-1,20.77,-0.8
