SampleID,PatientID,SampleType,Time,Sex,Age,AgeGroup,Mutation1,Mutation2,MutationGroup,Counts_CFU_mL,,,,,,
A7E0,A7,sputum,T0,female,50,adult,F508del,R334W,heterozygous,40000000,,,,,,
A7E3,A7,sputum,T3,female,50,adult,F508del,R334W,heterozygous,0,,,,,,
A7E6,A7,sputum,T6,female,50,adult,F508del,R334W,heterozygous,NA,,,,,,
A7E9,A7,sputum,T9,female,50,adult,F508del,R334W,heterozygous,NA,,,,,,
A7E12,A7,sputum,T12,female,50,adult,F508del,R334W,heterozygous,300,,,,,,
A19E0,A19,sputum,T0,female,48,adult,F508del,F508del,homozygous,18000000,,,,,,
A19E3,A19,sputum,T3,female,48,adult,F508del,F508del,homozygous,0,,,,,,
A19E6,A19,sputum,T6,female,48,adult,F508del,F508del,homozygous,20,,,,,,
A19E9,A19,sputum,T9,female,48,adult,F508del,F508del,homozygous,20,,,,,,
A19E12,A19,sputum,T12,female,48,adult,F508del,F508del,homozygous,10,,,,,,
P3E0,P3,sputum,T0,female,15,pediatric,F508del,F508del,homozygous,320000,,,,,,
P3E3,P3,sputum,T3,female,15,pediatric,F508del,F508del,homozygous,6600000,,,,,,
P3E6,P3,sputum,T6,female,15,pediatric,F508del,F508del,homozygous,3200000,,,,,,
P3E9,P3,sputum,T9,female,15,pediatric,F508del,F508del,homozygous,66000,,,,,,
P3E12,P3,sputum,T12,female,15,pediatric,F508del,F508del,homozygous,98000000,,,,,,
P11E0,P11,sputum,T0,male,17,pediatric,F508del,H199Y,heterozygous,20000,,,,,,
P11E3,P11,sputum,T3,male,17,pediatric,F508del,H199Y,heterozygous,0,,,,,,
P11E6,P11,sputum,T6,male,17,pediatric,F508del,H199Y,heterozygous,140,,,,,,
P11E9,P11,sputum,T9,male,17,pediatric,F508del,H199Y,heterozygous,33000000,,,,,,
P11E12,P11,sputum,T12,male,17,pediatric,F508del,H199Y,heterozygous,530,,,,,,
P42E0,P42,sputum,T0,male,17,pediatric,F508del,F508del,homozygous,6020,,,,,,
P42E3,P42,sputum,T3,male,17,pediatric,F508del,F508del,homozygous,0,,,,,,
P42E6,P42,sputum,T6,male,17,pediatric,F508del,F508del,homozygous,0,,,,,,
P42E9,P42,sputum,T9,male,17,pediatric,F508del,F508del,homozygous,0,,,,,,
P42E12,P42,sputum,T12,male,17,pediatric,F508del,F508del,homozygous,4000,,,,,,
