SampleID,PatientID,SampleType,Time,Sex,Age,AgeGroup,Mutation1,Mutation2,MutationGroup,ppFEV1,ppFEVGroup_2,mCFTR,mCFTRGroup,PI,CFLD,CFRD,coeliac_disease,colon_carcinoma
A7E0,A7,sputum,T0,female,50,adult,F508del,R334W,heterozygous,43,Moderate-Severe,no,naive,no,no,no,no,no
A7E3,A7,sputum,T3,female,50,adult,F508del,R334W,heterozygous,80,Normal-Mild,no,naive,no,no,no,no,no
A7E6,A7,sputum,T6,female,50,adult,F508del,R334W,heterozygous,78,Normal-Mild,no,naive,no,no,no,no,no
A7E9,A7,sputum,T9,female,50,adult,F508del,R334W,heterozygous,76,Normal-Mild,no,naive,no,no,no,no,no
A7E12,A7,sputum,T12,female,50,adult,F508del,R334W,heterozygous,72,Normal-Mild,no,naive,no,no,no,no,no
A19E0,A19,sputum,T0,female,48,adult,F508del,F508del,homozygous,64,Moderate-Severe,yes,teziva_iva,yes,no,yes,no,no
A19E3,A19,sputum,T3,female,48,adult,F508del,F508del,homozygous,71,Normal-Mild,yes,teziva_iva,yes,no,yes,no,no
A19E6,A19,sputum,T6,female,48,adult,F508del,F508del,homozygous,74,Normal-Mild,yes,teziva_iva,yes,no,yes,no,no
A19E9,A19,sputum,T9,female,48,adult,F508del,F508del,homozygous,NA,NA,yes,teziva_iva,yes,no,yes,no,no
A19E12,A19,sputum,T12,female,48,adult,F508del,F508del,homozygous,70,Normal-Mild,yes,teziva_iva,yes,no,yes,no,no
P3E0,P3,sputum,T0,female,15,pediatric,F508del,F508del,homozygous,37,Moderate-Severe,yes,lumiva_teziva_iva,yes,no,no,no,no
P3E3,P3,sputum,T3,female,15,pediatric,F508del,F508del,homozygous,66,Moderate-Severe,yes,lumiva_teziva_iva,yes,no,no,no,no
P3E6,P3,sputum,T6,female,15,pediatric,F508del,F508del,homozygous,63,Moderate-Severe,yes,lumiva_teziva_iva,yes,no,no,no,no
P3E9,P3,sputum,T9,female,15,pediatric,F508del,F508del,homozygous,68,Moderate-Severe,yes,lumiva_teziva_iva,yes,no,no,no,no
P3E12,P3,sputum,T12,female,15,pediatric,F508del,F508del,homozygous,62,Moderate-Severe,yes,lumiva_teziva_iva,yes,no,no,no,no
P11E0,P11,sputum,T0,male,17,pediatric,F508del,H199Y,heterozygous,76,Normal-Mild,no,naive,yes,yes,no,no,no
P11E3,P11,sputum,T3,male,17,pediatric,F508del,H199Y,heterozygous,83,Normal-Mild,no,naive,yes,yes,no,no,no
P11E6,P11,sputum,T6,male,17,pediatric,F508del,H199Y,heterozygous,86,Normal-Mild,no,naive,yes,yes,no,no,no
P11E9,P11,sputum,T9,male,17,pediatric,F508del,H199Y,heterozygous,85,Normal-Mild,no,naive,yes,yes,no,no,no
P11E12,P11,sputum,T12,male,17,pediatric,F508del,H199Y,heterozygous,87,Normal-Mild,no,naive,yes,yes,no,no,no
P42E0,P42,sputum,T0,male,17,pediatric,F508del,F508del,homozygous,110,Normal-Mild,yes,teziva_iva,yes,no,no,no,no
P42E3,P42,sputum,T3,male,17,pediatric,F508del,F508del,homozygous,127,Normal-Mild,yes,teziva_iva,yes,no,no,no,no
P42E6,P42,sputum,T6,male,17,pediatric,F508del,F508del,homozygous,NA,NA,yes,teziva_iva,yes,no,no,no,no
P42E9,P42,sputum,T9,male,17,pediatric,F508del,F508del,homozygous,114,Normal-Mild,yes,teziva_iva,yes,no,no,no,no
P42E12,P42,sputum,T12,male,17,pediatric,F508del,F508del,homozygous,124,Normal-Mild,yes,teziva_iva,yes,no,no,no,no
