PatientID,Time,Sex,Age,AgeGroup,Mutation1,Mutation2,MutationGroup,ppFEVGroup_2,acetate,propionate,isobutyrate,butyrate,isovalerate,valerate,4_methylvalerate,hexanoate,heptanoate,p_cresol,AcetatePropionate,AcetateButyrate,PropionateButyrate
A1,T0,male,30,adult,F508del,3849+10kbC>T,heterozygous,Normal-Mild,1.9877,0.3313,0.0226,0.016,0.0112,0.0039,0.0125,0.0062,0.0067,0.0024,5.999698159,124.23125,20.70625
A1,T12,male,30,adult,F508del,3849+10kbC>T,heterozygous,Normal-Mild,1.0743,0.2628,0.012,0.0296,0.0048,0.0016,0.0019,0.0021,0.0019,0.0014,4.087899543,36.29391892,8.878378378
A3,T0,male,38,adult,F508del,F508del,homozygous,Normal-Mild,0.46,0.0808,0.0035,0.0142,0.0022,0.0017,0.0014,0.0022,0.0018,0.0019,5.693069307,32.3943662,5.690140845
A3,T12,male,38,adult,F508del,F508del,homozygous,Normal-Mild,2.897,0.6984,0.0066,0.0318,0.0039,0.0015,0.0021,0.0027,0.0016,0.0014,4.148052692,91.10062893,21.96226415
A4,T0,female,66,adult,F508del,P205S,heterozygous,Moderate-Severe,0.3273,0.0328,0.0064,0.0059,0.0083,0.0012,0.0007,0.0019,0.0018,0.0011,9.978658537,55.47457627,5.559322034
A4,T12,female,66,adult,F508del,P205S,heterozygous,Moderate-Severe,0.1663,0.028,0.0015,0.0065,0.0008,0.001,0.0004,0.0017,0.0013,0.0015,5.939285714,25.58461538,4.307692308
A6,T0,male,46,adult,F508del,F508del,homozygous,Moderate-Severe,0.8964,0.1467,0.0073,0.0173,0.0037,0.0012,0.0056,0.0016,0.0015,0.0009,6.110429448,51.8150289,8.479768786
A6,T12,male,46,adult,F508del,F508del,homozygous,Moderate-Severe,0.9812,0.1452,0.0045,0.0117,0.0022,0.001,0.0031,0.0013,0.0012,0.0008,6.757575758,83.86324786,12.41025641
A7,T0,female,50,adult,F508del,R334W,heterozygous,Moderate-Severe,0.8511,0.083,0.0043,0.0056,0.0044,0.001,0.0029,0.0025,0.0016,0.0008,10.25421687,151.9821429,14.82142857
A7,T12,female,50,adult,F508del,R334W,heterozygous,Normal-Mild,5.398,0.2893,0.0166,0.0107,0.0109,0.001,0.0093,0.0024,0.0016,0.0008,18.65883166,504.4859813,27.03738318
A8,T0,male,19,adult,F508del,F508del,homozygous,Normal-Mild,0.2915,0.0308,0.0016,0.0093,0.0011,0.001,0.0007,0.0013,0.0011,0.0017,9.464285714,31.34408602,3.311827957
A8,T12,male,19,adult,F508del,F508del,homozygous,Normal-Mild,1.3426,0.1482,0.0056,0.0053,0.0038,0.0007,0.0016,0.0015,0.001,0.0007,9.059379217,253.3207547,27.96226415
A9,T0,male,26,adult,F508del,F508del,homozygous,Moderate-Severe,0.5151,0.1218,0.0016,0.0068,0.0008,0.0008,0.0003,0.0011,0.0011,0.0012,4.229064039,75.75,17.91176471
A9,T12,male,26,adult,F508del,F508del,homozygous,Moderate-Severe,2.5015,0.583,0.0062,0.0285,0.0037,0.0013,0.0011,0.0036,0.0049,0.0006,4.290737564,87.77192982,20.45614035
A10,T0,male,21,adult,F508del,F508del,homozygous,Moderate-Severe,2.6803,0.0604,0.0052,0.0203,0.0256,0.0011,0.0021,0.0028,0.0018,0.0008,44.37582781,132.0344828,2.975369458
A10,T12,male,21,adult,F508del,F508del,homozygous,Normal-Mild,0.057,0.0155,0.0011,0.006,0.0006,0.0008,0.0003,0.0013,0.0011,0.0013,3.677419355,9.5,2.583333333
A12,T0,male,37,adult,F508del,N1303K,heterozygous,Moderate-Severe,2.0703,0.6377,0.0174,0.008,0.0462,0.0007,0.0032,0.0019,0.0015,0.0005,3.246510899,258.7875,79.7125
A12,T12,male,37,adult,F508del,N1303K,heterozygous,Moderate-Severe,0.0775,0.0101,0.0011,0.0043,0.0005,0.0007,0.0003,0.0012,0.001,0.001,7.673267327,18.02325581,2.348837209
A13,T0,male,37,adult,F508del,F508del,homozygous,Normal-Mild,0.2272,0.028,0.002,0.0052,0.0035,0.0008,0.0004,0.0015,0.0011,0.0012,8.114285714,43.69230769,5.384615385
A13,T12,male,37,adult,F508del,F508del,homozygous,Normal-Mild,0.0797,0.0221,0.002,0.0115,0.0011,0.0011,0.0006,0.0015,0.0011,0.0021,3.606334842,6.930434783,1.92173913
A16,T0,male,46,adult,F508del,F508del,homozygous,Moderate-Severe,2.2945,0.1909,0.0171,0.0435,0.0153,0.002,0.0057,0.0073,0.0089,0.0007,12.01938188,52.74712644,4.388505747
A16,T12,male,46,adult,F508del,F508del,homozygous,Moderate-Severe,0.1043,0.0272,0.002,0.0099,0.0012,0.0011,0.0004,0.0014,0.0011,0.0023,3.834558824,10.53535354,2.747474747
A17,T0,male,54,adult,F508del,N1303K,heterozygous,Moderate-Severe,1.5258,0.7103,0.0031,0.0326,0.0023,0.0013,0.0005,0.0017,0.001,0.0012,2.148106434,46.80368098,21.78834356
A17,T12,male,54,adult,F508del,N1303K,heterozygous,Moderate-Severe,0.0389,0.0083,0.0013,0.0051,0.0005,0.0008,0.0003,0.0012,0.0009,0.0014,4.686746988,7.62745098,1.62745098
A19,T0,female,48,adult,F508del,F508del,homozygous,Moderate-Severe,0.2005,0.0148,0.0018,0.0039,0.001,0.0007,0.0003,0.0014,0.001,0.001,13.5472973,51.41025641,3.794871795
A19,T12,female,48,adult,F508del,F508del,homozygous,Normal-Mild,0.6297,0.033,0.0019,0.0096,0.0012,0.0013,0.0004,0.0015,0.0013,0.0024,19.08181818,65.59375,3.4375
A20,T0,female,45,adult,F508del,R117C,heterozygous,Moderate-Severe,0.957,0.1585,0.0056,0.0282,0.0028,0.0014,0.0027,0.0017,0.0013,0.0021,6.03785489,33.93617021,5.620567376
A20,T12,female,45,adult,F508del,R117C,heterozygous,Moderate-Severe,0.145,0.0283,0.0011,0.0059,0.0006,0.0009,0.0004,0.0013,0.0008,0.0014,5.123674912,24.57627119,4.796610169
A22,T0,male,56,adult,F508del,F508del,homozygous,Moderate-Severe,2.9839,0.1179,0.0046,0.003,0.003,0.0006,0.0002,0.0012,0.0008,0.0005,25.30873622,994.6333333,39.3
A22,T12,male,56,adult,F508del,F508del,homozygous,Normal-Mild,2.4304,0.5451,0.0451,0.1254,0.0249,0.0033,0.0216,0.0017,0.0012,0.0017,4.458631444,19.38118022,4.346889952
A24,T0,female,63,adult,F508del,L206W,heterozygous,Moderate-Severe,0.2954,0.0405,0.0024,0.008,0.0011,0.001,0.0007,0.0013,0.0013,0.0012,7.29382716,36.925,5.0625
A24,T12,female,63,adult,F508del,L206W,heterozygous,Moderate-Severe,0.4006,0.0609,0.0023,0.0122,0.0014,0.0009,0.0011,0.0012,0.0008,0.0014,6.577996716,32.83606557,4.991803279
A25,T0,female,23,adult,F508del,H1194/V754M,heterozygous,Moderate-Severe,1.0912,0.2011,0.014,0.0242,0.0117,0.0013,0.0025,0.0021,0.0011,0.0016,5.426156141,45.09090909,8.309917355
A25,T12,female,23,adult,F508del,H1194/V754M,heterozygous,Normal-Mild,2.0883,0.3566,0.0405,0.0291,0.0195,0.0017,0.0169,0.0016,0.0011,0.0014,5.856141335,71.7628866,12.25429553
A26,T0,female,29,adult,F508del,G542X,heterozygous,Moderate-Severe,2.3343,0.0366,0.008,0.009,0.0272,0.0013,0.0005,0.0017,0.0012,0.002,63.77868852,259.3666667,4.066666667
A26,T12,female,29,adult,F508del,G542X,heterozygous,Moderate-Severe,0.1091,0.0259,0.0014,0.0095,0.0008,0.0011,0.0003,0.0027,0.0009,0.0015,4.212355212,11.48421053,2.726315789
A27,T0,female,49,adult,F508del,F508del,homozygous,Normal-Mild,1.3102,0.1176,0.0052,0.0433,0.0028,0.0013,0.0039,0.0032,0.0009,0.0008,11.14115646,30.25866051,2.715935335
A27,T12,female,49,adult,F508del,F508del,homozygous,Normal-Mild,1.3348,0.2976,0.0144,0.0632,0.0084,0.0019,0.0062,0.0015,0.0011,0.0025,4.485215054,21.12025316,4.708860759
A28,T0,female,38,adult,F508del,F508del,homozygous,Moderate-Severe,0.5759,0.0279,0.0092,0.0326,0.0073,0.0015,0.0007,0.0028,0.0013,0.0005,20.64157706,17.66564417,0.855828221
A28,T12,female,38,adult,F508del,F508del,homozygous,Moderate-Severe,0.6701,0.0376,0.0024,0.0071,0.0017,0.0009,0.0005,0.0021,0.0018,0.0011,17.82180851,94.38028169,5.295774648
A30,T0,male,26,adult,F508del,F508del,homozygous,Moderate-Severe,1.3269,0.3568,0.0068,0.0268,0.0054,0.001,0.0017,0.0062,0.0012,0.0013,3.718890135,49.51119403,13.31343284
A30,T12,male,26,adult,F508del,F508del,homozygous,Normal-Mild,3.4877,0.3297,0.042,0.0051,0.0262,0.0009,0.0385,0.0022,0.0014,0.0011,10.57840461,683.8627451,64.64705882
P2,T0,female,12,pediatric,F508del,G85E,heterozygous,Normal-Mild,0.0317,0.0069,0.0014,0.0048,0.0006,0.0007,0.0003,0.0011,0.0009,0.001,4.594202899,6.604166667,1.4375
P2,T12,female,12,pediatric,F508del,G85E,heterozygous,Normal-Mild,0.0407,0.0088,0.0019,0.0053,0.0007,0.0007,0.0003,0.0011,0.0009,0.001,4.625,7.679245283,1.660377358
P3,T0,female,15,pediatric,F508del,F508del,homozygous,Moderate-Severe,0.937,0.1169,0.0066,0.0144,0.0044,0.001,0.0021,0.0016,0.0012,0.0009,8.015397776,65.06944444,8.118055556
P3,T12,female,15,pediatric,F508del,F508del,homozygous,Moderate-Severe,0.1355,0.0283,0.0019,0.008,0.0009,0.0008,0.0003,0.0014,0.0011,0.0012,4.787985866,16.9375,3.5375
P4,T0,male,16,pediatric,F508del,F508del,homozygous,Normal-Mild,2.6824,0.303,0.0081,0.0145,0.0113,0.0013,0.0009,0.0015,0.0011,0.0011,8.852805281,184.9931034,20.89655172
P4,T12,male,16,pediatric,F508del,F508del,homozygous,Normal-Mild,0.9398,0.3217,0.0026,0.0314,0.0012,0.0009,0.0005,0.0013,0.001,0.0011,2.9213553,29.92993631,10.24522293
P5,T0,female,17,pediatric,F508del,F508del,homozygous,Normal-Mild,1.2663,0.2155,0.0021,0.043,0.0009,0.0012,0.0003,0.0175,0.0013,0.0005,5.876102088,29.44883721,5.011627907
P5,T12,female,17,pediatric,F508del,F508del,homozygous,Normal-Mild,0.9586,0.1415,0.0153,0.0207,0.0066,0.0013,0.0131,0.0013,0.0009,0.001,6.774558304,46.30917874,6.835748792
P11,T0,male,17,pediatric,F508del,H199Y,heterozygous,Normal-Mild,3.2932,0.0582,0.0043,0.0341,0.0037,0.0012,0.0019,0.0036,0.0018,0.0012,56.58419244,96.57478006,1.706744868
P11,T12,male,17,pediatric,F508del,H199Y,heterozygous,Normal-Mild,7.7491,1.0219,0.1,0.0886,0.0692,0.0028,0.0453,0.0063,0.002,0.0012,7.583031608,87.46162528,11.53386005
P14,T0,female,7,pediatric,F508del,G542X,heterozygous,Normal-Mild,0.4329,0.0714,0.0027,0.0126,0.0016,0.0009,0.0006,0.0011,0.0015,0.0013,6.06302521,34.35714286,5.666666667
P14,T12,female,7,pediatric,F508del,G542X,heterozygous,Normal-Mild,0.6226,0.1714,0.0047,0.0263,0.0021,0.0009,0.0012,0.0012,0.0008,0.0011,3.63243874,23.6730038,6.517110266
P16,T0,male,9,pediatric,F508del,I507del,heterozygous,Normal-Mild,0.0361,0.0089,0.0016,0.0057,0.0006,0.0007,0.0003,0.001,0.0008,0.001,4.056179775,6.333333333,1.561403509
P16,T12,male,9,pediatric,F508del,I507del,heterozygous,Normal-Mild,0.0405,0.0088,0.0018,0.0053,0.0006,0.0008,0.0003,0.0012,0.0009,0.0012,4.602272727,7.641509434,1.660377358
P17,T0,male,6,pediatric,F508del,c.580-1G>T,heterozygous,Normal-Mild,0.0397,0.0068,0.0019,0.0056,0.0007,0.0008,0.0003,0.0011,0.0008,0.0013,5.838235294,7.089285714,1.214285714
P17,T12,male,6,pediatric,F508del,c.580-1G>T,heterozygous,Normal-Mild,0.2769,0.0431,0.0031,0.0073,0.0013,0.0008,0.0007,0.0011,0.0008,0.0013,6.424593968,37.93150685,5.904109589
P20,T0,male,11,pediatric,F508del,G542X,heterozygous,Normal-Mild,4.0526,0.3224,0.016,0.0312,0.0091,0.0045,0.0092,0.0024,0.0007,0.0041,12.57009926,129.8910256,10.33333333
P20,T12,male,11,pediatric,F508del,G542X,heterozygous,Normal-Mild,6.8072,0.9655,0.0825,0.0075,0.0255,0.0022,0.0353,0.0011,0.0008,0.0038,7.050440186,907.6266667,128.7333333
P21,T0,female,7,pediatric,F508del,G542X,heterozygous,Normal-Mild,0.6708,0.0192,0.0018,0.0053,0.0008,0.0015,0.0009,0.0011,0.0006,0.0054,34.9375,126.5660377,3.622641509
P21,T12,female,7,pediatric,F508del,G542X,heterozygous,Normal-Mild,0.6046,0.0211,0.0025,0.0069,0.0009,0.0018,0.0009,0.0015,0.001,0.0082,28.65402844,87.62318841,3.057971014
P25,T0,female,7,pediatric,F508del,Dele 22-23,heterozygous,Normal-Mild,0.2022,0.0106,0.0015,0.0033,0.0005,0.0008,0.0004,0.0011,0.0007,0.0047,19.0754717,61.27272727,3.212121212
P25,T12,female,7,pediatric,F508del,Dele 22-23,heterozygous,Normal-Mild,0.1603,0.0114,0.0013,0.0033,0.0005,0.0008,0.0004,0.0011,0.0006,0.0042,14.06140351,48.57575758,3.454545455
P26,T0,female,11,pediatric,F508del,F508del,homozygous,Normal-Mild,0.2004,0.0115,0.0016,0.004,0.0005,0.0011,0.0004,0.0013,0.0009,0.0047,17.42608696,50.1,2.875
P26,T12,female,11,pediatric,F508del,F508del,homozygous,Normal-Mild,0.189,0.0126,0.001,0.003,0.0005,0.0009,0.0005,0.001,0.0005,0.0023,15,63,4.2
P27,T0,male,9,pediatric,F508del,F508del,homozygous,Normal-Mild,1.9906,0.233,0.0148,0.0092,0.0061,0.001,0.0049,0.0013,0.0008,0.0042,8.543347639,216.3695652,25.32608696
P27,T12,male,9,pediatric,F508del,F508del,homozygous,Normal-Mild,1.1191,0.143,0.0145,0.0064,0.0088,0.0009,0.0059,0.0011,0.0007,0.0046,7.825874126,174.859375,22.34375
P42,T0,male,17,pediatric,F508del,F508del,homozygous,Normal-Mild,0.5813,0.187,0.0075,0.0286,0.0055,0.0011,0.0076,0.0066,0.0007,0.004,3.10855615,20.32517483,6.538461538
P42,T12,male,17,pediatric,F508del,F508del,homozygous,Normal-Mild,0.1073,0.0099,0.001,0.0033,0.0005,0.0008,0.0005,0.001,0.0007,0.0039,10.83838384,32.51515152,3
