taxon,lfc_(Intercept),lfc_ppFEV1,lfc_Age,lfc_Sexmale,se_(Intercept),se_ppFEV1,se_Age,se_Sexmale,W_(Intercept),W_ppFEV1,W_Age,W_Sexmale,p_(Intercept),p_ppFEV1,p_Age,p_Sexmale,q_(Intercept),q_ppFEV1,q_Age,q_Sexmale,diff_(Intercept),diff_ppFEV1,diff_Age,diff_Sexmale,passed_ss_(Intercept),passed_ss_ppFEV1,passed_ss_Age,passed_ss_Sexmale
Cutibacterium_acnes,-12.76837173413778,0.10028367131048978,0.24096258783706276,-6.620231395801206,2.171522395612989,0.021477033786990417,0.02417552943726772,0.2394883733169365,-5.879917130918401,4.669344580127075,9.96721037536442,-27.643226700780406,0.10724407707513285,0.1343113853522827,0.06365838646949752,0.02301982664951852,0.5379000950868429,0.5103832643386743,0.5039622262168554,0.10413731103353616,FALSE,FALSE,FALSE,FALSE,TRUE,TRUE,TRUE,TRUE
Staphylococcus_aureus,-20.3541607513861,0.17742188985399823,0.20370002871968476,-3.2604177150504094,2.106064637434469,0.02090395696597568,0.02352936046153587,0.2529892363990465,-9.664547036970713,8.487478717200716,8.657270096766085,-12.887574829103272,6.41277947381675e-4,0.0010565179482025506,9.79380697925737e-4,2.0904142894314785e-4,0.06092140500125912,0.10036920507924231,0.09304116630294501,0.004964733937399762,FALSE,FALSE,FALSE,TRUE,TRUE,TRUE,TRUE,FALSE
Streptococcus_mitis,0.3199380629586523,-0.006688960090788181,-0.01084297844162608,-1.2030026336372095,1.990387237777795,0.019808818888999706,0.023158723369055154,0.3608476454635075,0.16074161695080658,-0.3376758669090924,-0.4682027704564468,-3.3338242573038186,0.8749712184000726,0.7414410315849007,0.6480293421070297,0.0059557894095761095,1,1,1,0.03771999959398203,FALSE,FALSE,FALSE,TRUE,TRUE,TRUE,TRUE,FALSE
Streptococcus_sanguinis,-6.284586855193477,0.055541960536043135,0.021264701551526752,0.06578494459351114,2.1728843930658504,0.02138613595525702,0.024989154289654175,0.3339525653749658,-2.892278519395219,2.5971012553293957,0.8509572314870458,0.19698888828611644,0.06289617988194326,0.08057746137167547,0.45732333139511355,0.8564267968540944,0.42679550634175784,0.42513835060865746,1,1,FALSE,FALSE,FALSE,FALSE,TRUE,TRUE,TRUE,TRUE
Actinomyces_sp_ICM47,NA,NA,NA,NA,NA,NA,NA,NA,NA,NA,NA,NA,1,1,1,1,1,1,1,1,FALSE,FALSE,FALSE,FALSE,TRUE,TRUE,TRUE,TRUE
Lancefieldella_parvula,3.8823796311515317,-0.04997909930262281,-0.041778188300778854,-0.28674454137877337,2.1117213834864335,0.020981957380140907,0.02403442836217386,0.3323745369276147,1.8384904663615032,-2.382003661389916,-1.7382642795253946,-0.862715128629788,0.11561977455751432,0.05461863305354729,0.13282875747234785,0.42143344126253834,0.5436120842332393,0.3459180093391328,0.630986612561611,0.9099131118168442,FALSE,FALSE,FALSE,FALSE,TRUE,TRUE,TRUE,TRUE
Schaalia_odontolytica,NA,NA,NA,NA,NA,NA,NA,NA,NA,NA,NA,NA,1,1,1,1,1,1,1,1,FALSE,FALSE,FALSE,FALSE,TRUE,TRUE,TRUE,TRUE
Streptococcus_salivarius,4.1820802590000214,-0.020305809249581558,-0.12027549153080275,-0.45046557156120237,2.1436547522742346,0.02114191607678139,0.023860625303205492,0.2771304553130613,1.9509112904320023,-0.9604526465735966,-5.040751866408323,-1.6254639752687323,0.14614355525583533,0.4076803370116612,0.015053491452572515,0.20253423718419664,0.5784849062210149,1,0.23834694799906483,0.4692866471341141,FALSE,FALSE,FALSE,FALSE,TRUE,TRUE,TRUE,TRUE
Actinomyces_graevenitzii,4.9338828486298985,-0.018929189706828102,-0.3116797950151171,8.406785892907148,2.18495189940263,0.0216055408868802,0.024319017647572858,0.2293533897097244,2.2581196638602576,-0.8761266290872036,-12.816298730973786,36.65429102027659,1,1,1,1,1,1,1,1,FALSE,FALSE,FALSE,FALSE,TRUE,TRUE,TRUE,TRUE
Solobacterium_moorei,NA,NA,NA,NA,NA,NA,NA,NA,NA,NA,NA,NA,1,1,1,1,1,1,1,1,FALSE,FALSE,FALSE,FALSE,TRUE,TRUE,TRUE,TRUE
Gemella_sanguinis,-1.7725901757092974,0.007765358542519182,-0.006192203576071607,0.0389864439773865,2.1083059728597187,0.021108840625715098,0.023599373223749397,0.29828470027669435,-0.840765144399295,0.36787233748211207,-0.2623884760566454,0.13070212431687567,0.432701827038799,0.725597158039256,0.8017984091558217,0.9002830842783055,1,1,1,1,FALSE,FALSE,FALSE,FALSE,TRUE,TRUE,TRUE,TRUE
Shuttleworthia_satelles,-0.02330152436122347,-0.041610389271907536,0.052476261043451516,NA,2.2054283869815365,0.021804176655795916,0.024539934398063613,NA,-0.01056553207475267,-1.908367829190505,2.1384026620540717,NA,1,1,1,1,1,1,1,1,FALSE,FALSE,FALSE,FALSE,TRUE,TRUE,TRUE,TRUE
Streptococcus_australis,4.291972035338527,-0.08341198724466586,-0.052787100862953934,2.6405222963851145,2.1290597845651256,0.021031451821636404,0.023906138029010978,0.2736613040860588,2.015900195219361,-3.9660594024638183,-2.2080982214230858,9.64886981447236,0.1371985157647961,0.028639467970523174,0.11430423568299526,0.0023631870089586755,0.5666895216372013,0.26802940897451805,0.630986612561611,0.020409342350097653,FALSE,FALSE,FALSE,TRUE,TRUE,TRUE,TRUE,FALSE
Schaalia_SGB17157,NA,NA,NA,NA,NA,NA,NA,NA,NA,NA,NA,NA,1,1,1,1,1,1,1,1,FALSE,FALSE,FALSE,FALSE,TRUE,TRUE,TRUE,TRUE
Actinomyces_sp_ph3,1.5478879124375808,-0.027180901214750103,0.0017674671079928026,-0.6682985292448095,2.092333649435026,0.020535029938500312,0.023476245942989447,0.2696318474878099,0.7397901920927109,-1.3236358211384787,0.07528746769330083,-2.478559322540797,0.487352348217608,0.23381996720348847,0.9424334735276154,0.0478987531862114,1,0.7404298961443802,1,0.15690970871345114,FALSE,FALSE,FALSE,FALSE,TRUE,TRUE,TRUE,TRUE
Veillonella_dispar,-0.18300100386944593,-0.0032318141354608777,-0.02023935404455051,-0.8235540180422508,2.2372964675960114,0.021647267173707907,0.02659944706006318,0.3980504529203931,-0.08179559862537199,-0.14929432475366397,-0.760893788462926,-2.0689689259239583,0.9387386597311458,0.8885461684829936,0.4891056979204227,0.1073554872679613,1,1,1,0.28329920251267565,FALSE,FALSE,FALSE,FALSE,TRUE,TRUE,TRUE,TRUE
Actinomyces_oris,0.12573709722199888,0.010619768042641678,-0.04834268321929153,-1.7024345812862436,2.1541099152314866,0.021385304433809413,0.024185239923750254,0.30924016275212435,0.05837078987145687,0.49659185706293707,-1.9988506780045756,-5.505218229531373,0.9571237840753177,0.6535849313248324,0.1394812511978298,0.011798418286538307,1,1,0.630986612561611,0.05953023569104856,FALSE,FALSE,FALSE,FALSE,TRUE,TRUE,TRUE,TRUE
Streptococcus_parasanguinis,-1.855494406314288,0.00810045620971275,0.032138315124696795,-1.312033483280309,2.0318636908221506,0.020342822272256592,0.023096325281920703,0.32498905886704793,-0.9131982694978429,0.39819726591035004,1.3914904095091682,-4.037162013558919,0.3807182358877156,0.6981044689968418,0.19157577388187993,0.0019579318354600362,1,1,0.7912912399468953,0.018600352436870343,FALSE,FALSE,FALSE,TRUE,TRUE,TRUE,TRUE,FALSE
Abiotrophia_defectiva,-9.20197598988305,0.11461542356151082,-0.0019483906282131806,-1.7943068458778269,2.123066478673318,0.020997858125231854,0.023691355477902742,0.22822025210182295,-4.3342853755730095,5.45843404017405,-0.0822405720951877,-7.862171868416294,0.022655763815969666,0.012081791346183776,0.9396352090605966,0.004286582605107492,0.24783921787330335,0.26802940897451805,1,0.03393544562376764,FALSE,FALSE,FALSE,TRUE,TRUE,TRUE,TRUE,FALSE
Abiotrophia_sp_HMSC24B09,-16.993100483809627,0.2014204348221068,-0.07481210822737977,0.5582309727875464,2.18495189940263,0.0216055408868802,0.024319017647572858,0.2293533897097244,-7.777333903073827,9.322628666261155,-3.076280025432949,2.4339338236686103,1,1,1,1,1,1,1,1,FALSE,FALSE,FALSE,FALSE,TRUE,TRUE,TRUE,TRUE
Mogibacterium_diversum,-9.129493529641483,0.053454805684463966,0.07494062020196829,2.7067666436415894,2.1347842569399993,0.021084121843045815,0.024000173997278093,0.25353160282185816,-4.276541528710589,2.5353109834211565,3.1225032039545817,10.676249483357214,0.023479504851155054,0.08502767012173149,0.05236953398299355,0.0017565691926361925,0.24783921787330335,0.42513835060865746,0.49751057283843875,0.0185415637000487,FALSE,FALSE,FALSE,TRUE,TRUE,TRUE,TRUE,FALSE
Actinomyces_SGB17132,NA,NA,NA,NA,NA,NA,NA,NA,NA,NA,NA,NA,1,1,1,1,1,1,1,1,FALSE,FALSE,FALSE,FALSE,TRUE,TRUE,TRUE,TRUE
Rothia_aeria,20.750168899999434,-0.2535203593379913,0.01150453513124203,0.46806153507557136,2.18495189940263,0.0216055408868802,0.024319017647572858,0.2293533897097244,9.496853869264843,-11.734043626370843,0.47306742805008944,2.0407875186321083,1,1,1,1,1,1,1,1,FALSE,FALSE,FALSE,FALSE,TRUE,TRUE,TRUE,TRUE
Scardovia_wiggsiae,3.0112992328853907,-0.04551715208784568,-0.0063935948829722,-0.7727721807530641,2.1643175539450152,0.02140505356094215,0.02409897417864211,0.22816712233074227,1.3913389129966338,-2.1264675632907983,-0.2653056862743382,-3.386869119701143,0.3967335201430152,0.27984319283206743,0.834904543329657,0.18277393322327704,1,0.8307844787202002,1,0.434088091405283,FALSE,FALSE,FALSE,FALSE,TRUE,TRUE,TRUE,TRUE
Granulicatella_SGB8255,-1.3858166216199788,0.007667030721271223,-0.018425183992368456,-0.07042811172280533,1.9649982577277634,0.01941331710691688,0.022452001762310284,0.33041745620931945,-0.7052508144320064,0.3949366653336896,-0.82064771718032,-0.21314888302447654,0.49411682950836433,0.6998195777422606,0.4278486301240664,0.8347890504035641,1,1,1,1,FALSE,FALSE,FALSE,FALSE,FALSE,TRUE,TRUE,TRUE
Granulicatella_adiacens,-7.064745723897222,0.058196499269001986,0.06558324092883021,-1.3488009436531616,2.14974184079688,0.021300374238687893,0.023930815414924603,0.23721227708247983,-3.28632284576013,2.7321820084878894,2.7405351548501273,-5.686050318484052,0.08144189234212591,0.11191715398293367,0.11134548752492271,0.02956509795727774,0.5157986515001307,0.48327861947175904,0.630986612561611,0.12211670895397327,FALSE,FALSE,FALSE,FALSE,FALSE,FALSE,TRUE,TRUE
Actinomyces_naeslundii,NA,NA,NA,NA,NA,NA,NA,NA,NA,NA,NA,NA,1,1,1,1,1,1,1,1,FALSE,FALSE,FALSE,FALSE,TRUE,TRUE,TRUE,TRUE
Gemella_haemolysans,-17.594763426083293,0.15197372326462757,0.097629983150309,2.081688451074716,2.1959067877685063,0.021450167836143712,0.025641290120082868,0.3466051758112115,-8.012527455212796,7.084966627093266,3.8075300693954897,6.005935849638228,0.004058169559664262,0.005783033198287675,0.031841331128318426,0.009246942606511606,0.09638152704202622,0.26802940897451805,0.4293151174418776,0.05490372172616266,FALSE,FALSE,FALSE,FALSE,TRUE,TRUE,TRUE,TRUE
Rothia_mucilaginosa,-1.5365066365572013,0.011544457912624312,-0.016759061128460064,-0.22205531472559653,1.9444835571635866,0.01890142082665459,0.022163185057414155,0.38400667019668233,-0.7901875183755731,0.6107719635734704,-0.7561666378295987,-0.5782590042299609,0.44030236169730985,0.5494302419113498,0.4599002826195502,0.570670995598882,1,1,1,1,FALSE,FALSE,FALSE,FALSE,FALSE,FALSE,TRUE,TRUE
Parvimonas_micra,NA,NA,NA,NA,NA,NA,NA,NA,NA,NA,NA,NA,1,1,1,1,1,1,1,1,FALSE,FALSE,FALSE,FALSE,TRUE,TRUE,TRUE,TRUE
Streptococcus_infantis,-2.9637595137844595,0.03825241440025594,0.01958556142053361,-1.519677648923611,2.110972424694895,0.02087120412354692,0.0236509365674483,0.27290369856990093,-1.403978317818538,1.8327842597782613,0.8281093378555662,-5.568549114164402,0.23300217677964116,0.140771931696993,0.45415664526638755,0.005094942573724741,0.819822473854293,0.5143589812005513,1,0.03457282460741789,FALSE,FALSE,FALSE,TRUE,TRUE,TRUE,TRUE,FALSE
Veillonella_atypica,-5.1946386572492065,0.056073799226604146,0.08149713482692962,-3.3055500873604617,2.071713595687008,0.0204850245600341,0.023490627246050038,0.27753584866360875,-2.507411578542349,2.7373069074080134,3.4693469005019186,-11.910353575141208,0.04606415281443903,0.03385634639678123,0.013314411339903633,2.1208231946973473e-5,0.36467454311430897,0.26802940897451805,0.23834694799906483,6.7159401165416e-4,FALSE,FALSE,FALSE,TRUE,TRUE,TRUE,TRUE,FALSE
Veillonella_parvula,11.187032090680825,-0.0727177212398743,-0.09639389383284809,-4.756506296080029,2.1244428419997874,0.02111771062504845,0.023916540140570652,0.30927941499260764,5.265866357764755,-3.4434471866292786,-4.03042803291313,-15.379317424645667,0.0032829458675681443,0.01836693903643941,0.010016957871470665,2.1093274910592045e-5,0.09638152704202622,0.26802940897451805,0.23834694799906483,6.7159401165416e-4,FALSE,FALSE,FALSE,TRUE,TRUE,TRUE,TRUE,FALSE
Streptococcus_gordonii,NA,NA,NA,NA,NA,NA,NA,NA,NA,NA,NA,NA,1,1,1,1,1,1,1,1,FALSE,FALSE,FALSE,FALSE,TRUE,TRUE,TRUE,TRUE
Veillonella_rogosae,NA,NA,NA,NA,NA,NA,NA,NA,NA,NA,NA,NA,1,1,1,1,1,1,1,1,FALSE,FALSE,FALSE,FALSE,TRUE,TRUE,TRUE,TRUE
Porphyromonas_bobii,0.6926884560941365,-0.004215321152513676,-0.004611644468225503,-2.211690867204171,2.220539537313788,0.021643966938814704,0.02584581188748207,0.43961208253586914,0.3119460133243516,-0.1947573272695325,-0.17842908121060286,-5.031005641260356,0.7641679284301903,0.8511148854224964,0.8634401525140878,0.0015116569510993155,1,1,1,0.01795092629430437,FALSE,FALSE,FALSE,TRUE,TRUE,TRUE,TRUE,FALSE
Prevotella_histicola,26.764686606314463,-0.055752847280524445,-1.2430779290856162,-2.3710833009797687,2.1662194748243135,0.02143702483345619,0.024110010129601556,0.23161826222946524,12.355482404886585,-2.6007735548037654,-51.558581784227535,-10.237030872076598,0.05141321971161064,0.2336866775719147,0.012345955610905953,0.06199125131958209,0.3757119902002316,0.7404298961443802,0.23834694799906483,0.1963056291786766,FALSE,FALSE,FALSE,FALSE,TRUE,TRUE,TRUE,TRUE
Rothia_SGB49305,0.6005248744858047,-0.0030693236111887677,-0.038711957324122706,-0.8776738490840756,2.0641432478222286,0.020601816078934177,0.023047801584696614,0.26036959593558634,0.290931782529816,-0.14898315757353162,-1.679637738196551,-3.3708768718956192,0.7795346743396021,0.8857682102627119,0.1369191303061818,0.011906047138209712,1,1,0.630986612561611,0.05953023569104856,FALSE,FALSE,FALSE,FALSE,TRUE,TRUE,TRUE,TRUE
Streptococcus_oralis,1.0793839472222129,-0.021553505685339123,-0.023129861235794125,0.40302758063925204,2.0129604711904268,0.019957277031026018,0.022560516576989754,0.268515382811222,0.5362171600835687,-1.079982286753427,-1.0252363307755579,1.5009478280899755,0.6048063928617913,0.3082401152434925,0.3320172249890574,0.16760977321101456,1,0.8873579075191451,1,0.4082802167960611,FALSE,FALSE,FALSE,FALSE,TRUE,TRUE,TRUE,TRUE
Streptococcus_intermedius,-432.0003908193411,4.914789457475603,-1.705147068292251,68.20299325992443,2.18495189940263,0.0216055408868802,0.024319017647572858,0.2293533897097244,-197.71620187037107,227.4781956724847,-70.1157872823219,297.3707663368041,1,1,1,1,1,1,1,1,FALSE,FALSE,FALSE,FALSE,TRUE,TRUE,TRUE,TRUE
Tannerella_serpentiformis,41.020460199480816,-0.4705293590400103,0.0018857587168136535,-4.502569301095338,2.1652713715929064,0.021411656382101962,0.02412037473742532,0.23200050046147302,18.944720157318503,-21.97538343802895,0.07818115337518779,-19.407584432530367,0.03357291573378132,0.028949706070981792,0.9503293679908893,0.032773644323551065,0.3189426994709226,0.26802940897451805,1,0.12972900878072297,FALSE,FALSE,FALSE,FALSE,TRUE,TRUE,TRUE,TRUE
Prevotella_salivae,-1.227582497791978,0.03463108432583391,0.011414153354348372,-3.706687346582576,2.1431092214376495,0.021136004433998913,0.024014061552966044,0.27275199877626494,-0.5728044494944061,1.6384877489014482,0.4753112391743069,-13.589954842542237,0.6068923025325774,0.19984773796660996,0.6670284683088301,8.618176675895856e-4,1,0.7031679669195535,1,0.013645446403501772,FALSE,FALSE,FALSE,TRUE,TRUE,TRUE,TRUE,FALSE
Gemella_morbillorum,NA,NA,NA,NA,NA,NA,NA,NA,NA,NA,NA,NA,1,1,1,1,1,1,1,1,FALSE,FALSE,FALSE,FALSE,TRUE,TRUE,TRUE,TRUE
Prevotella_oris,-14.987020679821489,0.12077638537187925,0.07516586988465009,2.417210179435115,2.18495189940263,0.0216055408868802,0.024319017647572858,0.2293533897097244,-6.859199364488971,5.590065345006928,3.0908267337908675,10.53923895563261,1,1,1,1,1,1,1,1,FALSE,FALSE,FALSE,FALSE,TRUE,TRUE,TRUE,TRUE
Prevotella_melaninogenica,0.5069902196180558,-0.009858039889762325,-0.046814773591430596,0.26642764067308694,2.1386519710868273,0.021014936921853956,0.024273460487305224,0.41105822833929623,0.23706064683372108,-0.4690968108265271,-1.9286402783778709,0.6481506081254549,0.8193979830235905,0.653259754201431,0.09511250998868309,0.5375596446815881,1,1,0.630986612561611,1,FALSE,FALSE,FALSE,FALSE,TRUE,TRUE,TRUE,TRUE
Prevotella_nigrescens,-42.17303763585189,0.5275516961468611,-0.08209958569411673,NA,2.2054283869815365,0.021804176655795916,0.024539934398063613,NA,-19.12237907374181,24.19498357928728,-3.345550332872732,NA,1,1,1,1,1,1,1,1,FALSE,FALSE,FALSE,FALSE,TRUE,TRUE,TRUE,TRUE
GGB1144_SGB1468,96.56413613563923,-1.2917638241744724,0.33051953967508046,NA,2.2054283869815365,0.021804176655795916,0.024539934398063613,NA,43.78475252501937,-59.24387077606528,13.468639903990981,NA,1,1,1,1,1,1,1,1,FALSE,FALSE,FALSE,FALSE,TRUE,TRUE,TRUE,TRUE
Capnocytophaga_gingivalis,-4.403169502288391,0.05881985917499616,-0.02488559536732788,-2.2311298782545252,2.164616842219238,0.02140664270556062,0.02410740631574562,0.22825392261585906,-2.0341565381955147,2.7477386334717973,-1.0322800819544817,-9.774771240227118,0.2908769718430082,0.22220277115155382,0.48988898692488625,0.06490306680844851,0.9528728387960614,0.7404298961443802,1,0.19889649505814866,FALSE,FALSE,FALSE,FALSE,TRUE,TRUE,TRUE,TRUE
Fusobacterium_nucleatum,4.561332315692798,-0.061478201818841303,-0.06119892973842323,1.3057156270611479,2.107675264127795,0.020854606373421528,0.023523212804014704,0.2325829377283485,2.1641532703475472,-2.947943524706999,-2.601639931088768,5.613978565298687,0.09643933599430309,0.042055287918560155,0.05994459954288068,0.0049472693266417,0.5379000950868429,0.30065247562499187,0.5039622262168554,0.03457282460741789,FALSE,FALSE,FALSE,TRUE,TRUE,TRUE,TRUE,FALSE
Peptostreptococcus_stomatis,NA,NA,NA,NA,NA,NA,NA,NA,NA,NA,NA,NA,1,1,1,1,1,1,1,1,FALSE,FALSE,FALSE,FALSE,TRUE,TRUE,TRUE,TRUE
Metamycoplasma_salivarium,10.057652728060079,-0.18679256134789307,0.057940364444046696,3.6187427908243532,2.164273092270377,0.021404727163436336,0.02409733546433705,0.22792600595069165,4.64712737222517,-8.726696674133416,2.404430337528221,15.876831499461337,0.13493449143686867,0.07263401555826533,0.2509152631169021,0.040044509343837194,0.5666895216372013,0.42513835060865746,0.9168057690809884,0.1463164764486359,FALSE,FALSE,FALSE,FALSE,TRUE,TRUE,TRUE,TRUE
Alloprevotella_tannerae,NA,NA,NA,NA,NA,NA,NA,NA,NA,NA,NA,NA,1,1,1,1,1,1,1,1,FALSE,FALSE,FALSE,FALSE,TRUE,TRUE,TRUE,TRUE
Corynebacterium_durum,15.946417392412624,-0.18871783916393436,-0.03826775823090589,NA,2.2054283869815365,0.021804176655795916,0.024539934398063613,NA,7.230530579248468,-8.655123380399232,-1.559407519603048,NA,1,1,1,1,1,1,1,1,FALSE,FALSE,FALSE,FALSE,TRUE,TRUE,TRUE,TRUE
Candidatus_Nanosynsacchari_sp_TM7_ANC_38_39_G1_1,NA,NA,NA,NA,NA,NA,NA,NA,NA,NA,NA,NA,1,1,1,1,1,1,1,1,FALSE,FALSE,FALSE,FALSE,TRUE,TRUE,TRUE,TRUE
Neisseria_subflava,2.319804078471475,-0.12769211312674023,0.007229036298602551,6.131950675080088,2.1434346706296075,0.021201334284091662,0.02388060291492897,0.22720548962930834,1.0822835471771395,-6.0228338186504375,0.3027158202142089,26.988567420111742,0.39225721343609876,0.02647756810697238,0.7906890378361295,0.0013700836748067294,1,0.26802940897451805,1,0.01795092629430437,FALSE,FALSE,FALSE,TRUE,TRUE,TRUE,TRUE,FALSE
Lachnoanaerobaculum_sp_ICM7,-6.6254896879475105,0.1128679734815934,-0.059989949355734505,-3.3970149506831695,2.1722415149754424,0.02144838813855497,0.024313467108048645,0.24392163271012995,-3.050070465126164,5.262305621871201,-2.467354782809879,-13.926665351244564,0.201692377931044,0.11955187506539856,0.2451370635956358,0.04563396976679126,0.7641981163954386,0.49380122309621144,0.9168057690809884,0.1548295402801846,FALSE,FALSE,FALSE,FALSE,TRUE,TRUE,TRUE,TRUE
Prevotella_nanceiensis,-4.656550576178737,0.019307007375624293,0.08850918039901291,-0.7848012103058155,2.16104851567436,0.021400678332434267,0.02442500129305261,0.28302618503951055,-2.154764477708012,0.9021680096169258,3.623712414057814,-2.772892586586139,0.12016688177787394,0.43346393890991347,0.036152851995105484,0.06940074136572466,0.5436120842332393,1,0.4293151174418776,0.2060334509294951,FALSE,FALSE,FALSE,FALSE,TRUE,TRUE,TRUE,TRUE
Solobacterium_SGB6829,-1.0399059722077324,-0.008752774918310802,0.02265985191401148,0.3015085585660092,2.1770460119501136,0.021491779224293874,0.024583678426576657,0.30456867558565376,-0.47766834807327974,-0.4072615313494772,0.9217437488734237,0.9899526206568674,0.6655309842781452,0.7111329171430983,0.42464253656305767,0.39517768276648535,1,1,1,0.873066973553863,FALSE,FALSE,FALSE,FALSE,TRUE,TRUE,TRUE,TRUE
Prevotella_pallens,-16.870524519754095,0.11442553695477807,0.11459263946681485,2.856475113842502,2.1686107795262797,0.02143930302976941,0.02425871023746097,0.29440485654124915,-7.779415595932509,5.337185485735857,4.723772960108065,9.702540737273065,0.016125067837087136,0.033358833114569046,0.04201097657762103,0.01045624038222497,0.24783921787330335,0.26802940897451805,0.443449197208222,0.05843193154772777,FALSE,FALSE,FALSE,FALSE,FALSE,FALSE,TRUE,TRUE
Peptostreptococcus_SGB749,2.3269087477371935,-0.0642938533389471,0.03101212194900626,1.4576204679785538,2.1473176370241447,0.021222073845915786,0.02398908039455275,0.2406275018347274,1.0836350932049041,-3.029574480126528,1.2927599323919163,6.057580521197888,0.39177891756175476,0.09386410386784329,0.32529770048766793,0.02618647768523384,1,0.44585449337225563,1,0.11307797182260068,FALSE,FALSE,FALSE,FALSE,TRUE,TRUE,TRUE,TRUE
Eubacterium_sulci,-8.759209083736286,0.05573942551762026,0.1326344616767429,NA,2.2054283869815365,0.021804176655795916,0.024539934398063613,NA,-3.9716588103432335,2.556364608374414,5.404841737768002,NA,1,1,1,1,1,1,1,1,FALSE,FALSE,FALSE,FALSE,TRUE,TRUE,TRUE,TRUE
Schaalia_meyeri,4.621233962349892,-0.0025424689699192217,-0.08069323698619515,-4.64477754046848,2.1748979377884696,0.021480761038490094,0.0244573327812647,0.28489177534139276,2.12480497684823,-0.11836028366795401,-3.2993473862370397,-16.30365613364068,0.2800349964373131,0.9249984404664694,0.18735049073605312,0.03899881245147561,0.9501187379123123,1,0.7912912399468953,0.1463164764486359,FALSE,FALSE,FALSE,FALSE,TRUE,TRUE,TRUE,TRUE
Schaalia_SGB17168,-0.09389316803285809,-0.019692849049563678,0.07517323633225959,-2.0459870904132247,2.1544879488955297,0.02122872893000532,0.02408530058840933,0.24958298432391343,-0.04358027070004787,-0.9276508788865458,3.1211251051786966,-8.197622510026182,0.969198716349154,0.4515199444685517,0.08914167975032293,0.014556602471149349,1,1,0.630986612561611,0.0691438617379594,FALSE,FALSE,FALSE,FALSE,TRUE,TRUE,TRUE,TRUE
Porphyromonas_endodontalis,-6.044213802450741,0.04267369654869276,0.03099212826798396,0.9792806284645427,2.18495189940263,0.0216055408868802,0.024319017647572858,0.2293533897097244,-2.7662914703537593,1.9751274347686447,1.2743988559536699,4.269745608311896,1,1,1,1,1,1,1,1,FALSE,FALSE,FALSE,FALSE,TRUE,TRUE,TRUE,TRUE
Capnocytophaga_leadbetteri,-6.911637474442019,0.06609424745796655,0.00487364088895901,1.1711158122965568,2.18495189940263,0.0216055408868802,0.024319017647572858,0.2293533897097244,-3.16329044878822,3.059134126936011,0.2004045130270885,5.106163086487413,1,1,1,1,1,1,1,1,FALSE,FALSE,FALSE,FALSE,TRUE,TRUE,TRUE,TRUE
Oribacterium_sinus,-7.815239735447487,0.046923415323069664,0.07269067236151515,1.287958602560953,2.021965952386727,0.020086731548170866,0.02260492585816935,0.2618524280411363,-3.865168810692576,2.336040346362004,3.215700543217883,4.918642963122031,0.003816816251788866,0.04430668061841985,0.010561935073729762,8.261487814358972e-4,0.09638152704202622,0.30065247562499187,0.23834694799906483,0.013645446403501772,FALSE,FALSE,FALSE,TRUE,TRUE,TRUE,TRUE,FALSE
Capnocytophaga_SGB2499,NA,NA,NA,NA,NA,NA,NA,NA,NA,NA,NA,NA,1,1,1,1,1,1,1,1,FALSE,FALSE,FALSE,FALSE,TRUE,TRUE,TRUE,TRUE
Lautropia_mirabilis,12.737929985625495,-0.10757992200829629,-0.14753416698623006,-2.3926711761030495,2.173261955155428,0.02141000322679133,0.024698663914596745,0.30515911454974565,5.861203227438129,-5.024750387411271,-5.9733663122983085,-7.840733119288846,0.10758001901736858,0.1250627648351742,0.1055971587584863,0.08075791710160102,0.5379000950868429,0.4950401108058979,0.630986612561611,0.22564712131329695,FALSE,FALSE,FALSE,FALSE,TRUE,TRUE,TRUE,TRUE
GGB12785_SGB19823,9.741522922318962,-0.08527699804826612,-0.17704981013411045,NA,2.2054283869815365,0.021804176655795916,0.024539934398063613,NA,4.417066081049095,-3.911039586335312,-7.214762976223809,NA,1,1,1,1,1,1,1,1,FALSE,FALSE,FALSE,FALSE,TRUE,TRUE,TRUE,TRUE
Treponema_vincentii,-71.00877240665326,0.9424971639628132,-0.2621415051777884,NA,2.2054283869815365,0.021804176655795916,0.024539934398063613,NA,-32.19726962154484,43.22553329305749,-10.68224148139831,NA,1,1,1,1,1,1,1,1,FALSE,FALSE,FALSE,FALSE,TRUE,TRUE,TRUE,TRUE
Leptotrichia_wadei,NA,NA,NA,NA,NA,NA,NA,NA,NA,NA,NA,NA,1,1,1,1,1,1,1,1,FALSE,FALSE,FALSE,FALSE,TRUE,TRUE,TRUE,TRUE
Leptotrichia_sp_oral_taxon_215,NA,NA,NA,NA,NA,NA,NA,NA,NA,NA,NA,NA,1,1,1,1,1,1,1,1,FALSE,FALSE,FALSE,FALSE,TRUE,TRUE,TRUE,TRUE
Catonella_massiliensis,-14.684076739982268,0.1572993289547005,-0.002447296737223047,0.7583818386550992,2.160913483670607,0.02128013538119183,0.024478576378274844,0.31129335247715084,-6.795309877487254,7.391838733024578,-0.09997708606106134,2.436228826025975,0.020977141929898344,0.017814265744316448,0.9294815202788245,0.1351538810081546,0.24783921787330335,0.26802940897451805,1,0.34701672150742396,FALSE,FALSE,FALSE,FALSE,TRUE,TRUE,TRUE,TRUE
TM7_phylum_sp_oral_taxon_352,NA,NA,NA,NA,NA,NA,NA,NA,NA,NA,NA,NA,1,1,1,1,1,1,1,1,FALSE,FALSE,FALSE,FALSE,TRUE,TRUE,TRUE,TRUE
Streptococcus_constellatus,38.27391896624181,-0.41781254717525607,-0.12347147071890928,NA,2.2054283869815365,0.021804176655795916,0.024539934398063613,NA,17.354414766840595,-19.162041923018197,-5.031450725013027,NA,1,1,1,1,1,1,1,1,FALSE,FALSE,FALSE,FALSE,TRUE,TRUE,TRUE,TRUE
Lancefieldella_rimae,-194.77539825260394,2.4429491552214535,-0.31636163036214227,NA,2.2054283869815365,0.021804176655795916,0.024539934398063613,NA,-88.31635586190292,112.04042206161803,-12.891706441852005,NA,1,1,1,1,1,1,1,1,FALSE,FALSE,FALSE,FALSE,TRUE,TRUE,TRUE,TRUE
Streptococcus_cristatus,29.241232391120093,-0.2827888278766665,-0.17070489648037845,NA,2.2054283869815365,0.021804176655795916,0.024539934398063613,NA,13.25875397438824,-12.96947976256175,-6.956208346418741,NA,1,1,1,1,1,1,1,1,FALSE,FALSE,FALSE,FALSE,TRUE,TRUE,TRUE,TRUE
Achromobacter_xylosoxidans,26.83561495562667,-0.4220965759328121,-0.032096114159829166,NA,2.2054283869815365,0.021804176655795916,0.024539934398063613,NA,12.167982925238068,-19.358519360583685,-1.307913608862858,NA,1,1,1,1,1,1,1,1,FALSE,FALSE,FALSE,FALSE,TRUE,TRUE,TRUE,TRUE
Pseudomonas_aeruginosa,2.2907623685649106,-0.03864068123543528,0.033972084160183595,-3.022214429284576,2.1511670874426816,0.021445845194647543,0.02567452852635387,0.37170755684456813,1.0648928118773797,-1.801779360278103,1.3231823955525657,-8.13062412542862,0.3119610726037959,0.10175684838998529,0.21523035331816454,1.0214731706965135e-5,0.9878767299120204,0.46032859985945723,0.8519534818844013,6.7159401165416e-4,FALSE,FALSE,FALSE,TRUE,TRUE,TRUE,TRUE,FALSE
Slackia_exigua,-8.807865822516133,0.12456777498601279,-0.07135010843528332,NA,2.2054283869815365,0.021804176655795916,0.024539934398063613,NA,-3.9937210722906467,5.713023562066059,-2.9075101537725945,NA,1,1,1,1,1,1,1,1,FALSE,FALSE,FALSE,FALSE,TRUE,TRUE,TRUE,TRUE
Tannerella_forsythia,NA,NA,NA,NA,NA,NA,NA,NA,NA,NA,NA,NA,1,1,1,1,1,1,1,1,FALSE,FALSE,FALSE,FALSE,TRUE,TRUE,TRUE,TRUE
Haemophilus_influenzae,2877.666776638973,-32.7026617604423,-4.314739520694502,NA,2.2054283869815365,0.021804176655795916,0.024539934398063613,NA,1304.810799400971,-1499.8347461906744,-175.8252263720382,NA,1,1,1,1,1,1,1,1,FALSE,FALSE,FALSE,FALSE,TRUE,TRUE,TRUE,TRUE
Eubacterium_brachy,NA,NA,NA,NA,NA,NA,NA,NA,NA,NA,NA,NA,1,1,1,1,1,1,1,1,FALSE,FALSE,FALSE,FALSE,TRUE,TRUE,TRUE,TRUE
GGB3883_SGB5265,-6.3847437176552955,0.04676845452916321,0.11983864731381583,-1.1368765376662222,2.176455005869272,0.021457404262979863,0.024479771322186948,0.3004614836990772,-2.933551899964613,2.17959516239586,4.895415309913516,-3.783767968092856,0.20914895817138318,0.2738410548091531,0.12827925811981328,0.16448932575156797,0.7641981163954386,0.8307844787202002,0.630986612561611,0.4082802167960611,FALSE,FALSE,FALSE,FALSE,TRUE,TRUE,TRUE,TRUE
Parvimonas_sp_oral_taxon_110,NA,NA,NA,NA,NA,NA,NA,NA,NA,NA,NA,NA,1,1,1,1,1,1,1,1,FALSE,FALSE,FALSE,FALSE,TRUE,TRUE,TRUE,TRUE
Oribacterium_asaccharolyticum,NA,NA,NA,NA,NA,NA,NA,NA,NA,NA,NA,NA,1,1,1,1,1,1,1,1,FALSE,FALSE,FALSE,FALSE,TRUE,TRUE,TRUE,TRUE
Campylobacter_concisus,8.539130504284131,-0.1526263657691949,0.05324890529787993,2.6625251067125704,2.18495189940263,0.0216055408868802,0.024319017647572858,0.2293533897097244,3.908154914814713,-7.06422331976313,2.1895993526364497,11.608832597077946,1,1,1,1,1,1,1,1,FALSE,FALSE,FALSE,FALSE,TRUE,TRUE,TRUE,TRUE
Lachnoanaerobaculum_orale,-66.23187093379367,0.758175654768454,0.00954989861319509,2.507729225479901,2.2183744265718803,0.02196096126849805,0.02519662330614942,0.3153357124830302,-29.856037889935354,34.523791809424154,0.37901501709811913,7.952569677989943,0.021315014081680624,0.018434875974483986,0.7693615497530075,0.07963411565188086,0.24783921787330335,0.26802940897451805,1,0.22564712131329695,FALSE,FALSE,FALSE,FALSE,TRUE,TRUE,TRUE,TRUE
Neisseria_sicca,-15.489803069274751,0.16420941321369392,0.04471492721558558,-0.6525503616669591,2.164758232517937,0.02140830283290322,0.024115460525669652,0.23075131722386677,-7.155442504661502,7.670361097532418,1.854201671495714,-2.8279377535855095,0.0883974740928954,0.08253187346271901,0.31487422348870003,0.21638151719185642,0.5248600024265665,0.42513835060865746,1,0.4894343841244371,FALSE,FALSE,FALSE,FALSE,TRUE,TRUE,TRUE,TRUE
Capnocytophaga_sputigena,NA,NA,NA,NA,NA,NA,NA,NA,NA,NA,NA,NA,1,1,1,1,1,1,1,1,FALSE,FALSE,FALSE,FALSE,TRUE,TRUE,TRUE,TRUE
Porphyromonas_catoniae,NA,NA,NA,NA,NA,NA,NA,NA,NA,NA,NA,NA,1,1,1,1,1,1,1,1,FALSE,FALSE,FALSE,FALSE,TRUE,TRUE,TRUE,TRUE
Cardiobacterium_hominis,NA,NA,NA,NA,NA,NA,NA,NA,NA,NA,NA,NA,1,1,1,1,1,1,1,1,FALSE,FALSE,FALSE,FALSE,TRUE,TRUE,TRUE,TRUE
Mogibacterium_SGB3923,NA,NA,NA,NA,NA,NA,NA,NA,NA,NA,NA,NA,1,1,1,1,1,1,1,1,FALSE,FALSE,FALSE,FALSE,TRUE,TRUE,TRUE,TRUE
Prevotella_oulorum,36.348986793944434,-0.4207622066944751,0.01912465916109954,-3.8262796343884893,2.167406940460597,0.021419072213401637,0.024220802057415326,0.2568626210851533,16.770725476324206,-19.644277889460106,0.7895964434111059,-14.896210348644026,0.03791528791125641,0.03237944023980244,0.5745056010064491,0.042673002473565605,0.32745021377903266,0.26802940897451805,1,0.15014574944402714,FALSE,FALSE,FALSE,FALSE,TRUE,TRUE,TRUE,TRUE
GGB3883_SGB5266,-1.7072135127590515,0.014759951488941988,-7.426248569037041e-4,-0.7539303371315516,2.1518451759620447,0.021240394983812978,0.024153309832193572,0.24260827113630126,-0.7933719079002941,0.694900047771727,-0.030746297797822765,-3.107603601478126,0.5107337374447896,0.5589945617303594,0.9782642206212275,0.08981748221262958,1,1,1,0.24379030886285175,FALSE,FALSE,FALSE,FALSE,TRUE,TRUE,TRUE,TRUE
