taxon,lfc_(Intercept),lfc_GGT,lfc_Age,lfc_Sexmale,se_(Intercept),se_GGT,se_Age,se_Sexmale,W_(Intercept),W_GGT,W_Age,W_Sexmale,p_(Intercept),p_GGT,p_Age,p_Sexmale,q_(Intercept),q_GGT,q_Age,q_Sexmale,diff_(Intercept),diff_GGT,diff_Age,diff_Sexmale,passed_ss_(Intercept),passed_ss_GGT,passed_ss_Age,passed_ss_Sexmale
Cutibacterium_acnes,14.191074491046585,-0.8776962062789361,0.13852013312556638,NA,0.2564949482038529,0.001663952464022031,0.007491507498902107,NA,55.326916145607804,-527.4767310103368,18.490288255850608,NA,1,1,1,1,1,1,1,1,FALSE,FALSE,FALSE,FALSE,TRUE,TRUE,TRUE,TRUE
Streptococcus_mitis,-0.6841173101310675,0.056639930826820936,-0.022377766071227802,-0.30028020203287553,0.5176046735773732,0.002460012694572119,0.014188839222676148,0.517268969748092,-1.3216984796579574,23.024243310529975,-1.5771386030975934,-0.5805107586080619,0.20607290687395455,4.064611764871496e-13,0.13561604312446884,0.5701893380501004,0.5446212538811656,1.203125082401963e-11,0.3649304433167525,1,FALSE,TRUE,FALSE,FALSE,TRUE,FALSE,TRUE,TRUE
Streptococcus_sanguinis,-0.4831785617570178,0.07465567619631155,-0.014451764126783409,-0.7867740917953537,0.25635896975325567,0.0018845144599991235,0.007539899846461671,0.2390561961166246,-1.8847733793831163,39.61533741499987,-1.9167050519331954,-3.291167953712116,0.15595749509795345,3.5390388789446755e-5,0.15112616113474586,0.04603759069747309,0.44387902450955985,1.2775067172775902e-4,0.39940485442754264,0.18926565064516712,FALSE,TRUE,FALSE,FALSE,TRUE,FALSE,TRUE,TRUE
Actinomyces_sp_ICM47,-1.937740934863976,0.02451583540873336,-0.0290517023951689,2.478147127253859,0.31483668314469854,0.0020961429562861306,0.009564131107191256,0.3178996230422378,-6.1547495530353835,11.695688662461086,-3.0375683969163667,7.795376111297243,0.001646812165245245,8.030558475051863e-5,0.028830783220127307,5.564683731327358e-4,0.015193264924808955,2.713862532368884e-4,0.1333423723930888,0.011765331317663557,TRUE,TRUE,FALSE,TRUE,FALSE,FALSE,TRUE,TRUE
Lancefieldella_parvula,0.33321784328466014,-0.15228085430995963,0.03163939451713536,3.0717211559845907,0.28753244319868815,0.0017505627971959846,0.008240615035882807,0.2539760372161267,1.1588878095902482,-86.98965530050106,3.8394457670168145,12.094531396167266,0.279922335876084,3.4027114362797594e-13,0.004951081428089996,2.019381463410885e-6,0.7021780628756006,1.203125082401963e-11,0.038566318492490495,2.9886845658481096e-4,FALSE,TRUE,TRUE,TRUE,TRUE,FALSE,FALSE,FALSE
Schaalia_odontolytica,-1.8854688566429947,0.0458557051862862,0.03919374463889325,0.6298142577550587,0.273972061977748,0.0025193115545626013,0.00756100041205946,0.36211692014803837,-6.881974910259764,18.20168097242248,5.183671803056772,1.739256639810098,0.006284452557203681,3.6177381491542737e-4,0.013938976728322635,0.18037134669258875,0.03444811031356092,0.0010296639347592933,0.07934494445352885,0.5649434833984902,TRUE,TRUE,FALSE,FALSE,FALSE,FALSE,TRUE,TRUE
Streptococcus_salivarius,-1.256262585114711,0.04824446666608308,0.008113504743087904,0.030900108540863953,0.3488997679054245,0.0019772650126520484,0.010000059501836736,0.30269106831935405,-3.6006403577065242,24.39959558146137,0.8113456466531701,0.10208463934014336,0.006975808084484417,8.497384721952113e-9,0.4406365027832063,0.9212018803431885,0.03687212844656049,8.384086258992752e-8,1,1,TRUE,TRUE,FALSE,FALSE,FALSE,FALSE,TRUE,TRUE
Actinomyces_graevenitzii,-1.1007355541924608,0.01904430709878739,0.0212672839470308,0.5873952723368417,0.3651743934308499,0.002290200884634217,0.011517621040635896,0.38858800257809156,-3.0142736566245523,8.315561847243405,1.8464997130914993,1.5116145337472107,0.013022201349246644,8.377350307028183e-6,0.09458621111977131,0.16156997624126204,0.05353571665801398,3.5424224155433464e-5,0.27997518491452306,0.5313856996379285,FALSE,TRUE,FALSE,FALSE,TRUE,FALSE,TRUE,TRUE
Solobacterium_moorei,NA,NA,NA,NA,NA,NA,NA,NA,NA,NA,NA,NA,1,1,1,1,1,1,1,1,FALSE,FALSE,FALSE,FALSE,TRUE,TRUE,TRUE,TRUE
Gemella_sanguinis,-0.9160644620490882,0.025434350342755586,0.007292596670003538,0.05382397711088883,0.2966678802865167,0.0019198363650422094,0.009753239404305303,0.30895551947074074,-3.087845105322386,13.248186567294441,0.7477102086496943,0.174212706097928,0.011486065995708334,1.1460465779573072e-7,0.47185197611120955,0.8651746754191711,0.04999816962837745,7.374560588594846e-7,1,1,TRUE,TRUE,FALSE,FALSE,FALSE,FALSE,TRUE,TRUE
Streptococcus_australis,-0.1349920525694485,-0.08333113154666713,0.06200996548629882,1.0784081253718285,0.30660464644355684,0.0018776034548745582,0.009090712018018443,0.25253116708633516,-0.44028051803937457,-44.381645831725656,6.821244074544504,4.270396156697534,0.678116172857162,1.0962949463382601e-7,0.0010323885526047861,0.007935773197270955,1,7.374560588594846e-7,0.020997968560355754,0.05338611059982279,FALSE,TRUE,TRUE,FALSE,TRUE,FALSE,FALSE,TRUE
Schaalia_SGB17157,NA,NA,NA,NA,NA,NA,NA,NA,NA,NA,NA,NA,1,1,1,1,1,1,1,1,FALSE,FALSE,FALSE,FALSE,TRUE,TRUE,TRUE,FALSE
Actinomyces_sp_ph3,NA,NA,NA,NA,NA,NA,NA,NA,NA,NA,NA,NA,1,1,1,1,1,1,1,1,FALSE,FALSE,FALSE,FALSE,FALSE,TRUE,TRUE,TRUE
Veillonella_dispar,1.1792781741574567,-0.2092750840989512,0.06380753149574939,1.851442808390366,0.2894809209348449,0.0017590032858870197,0.009449697338377316,0.2611259973320013,4.073768213632579,-118.97367434047699,6.752335996689847,7.090227810739201,0.003564765872282732,2.7843744098100807e-14,1.4470670646771265e-4,1.0298245559839188e-4,0.024200702800417126,3.6881524632017884e-12,0.0071388641857404915,0.0038103508571404997,TRUE,TRUE,TRUE,TRUE,FALSE,FALSE,FALSE,FALSE
Actinomyces_oris,0.91820251880851,0.05035748545161478,0.029570593901841333,-2.831291876846928,0.28937706986458617,0.001928813296680572,0.009664589175810569,0.30516102396050016,3.1730313643654706,26.108014465826454,3.0596845208747583,-9.278025876638193,0.05036307789198461,1.232708084951577e-4,0.05500670399136809,0.0026499235212175333,0.16940308018213007,3.9661042733224656e-4,0.18502254978914723,0.02820550374641318,FALSE,TRUE,FALSE,TRUE,TRUE,FALSE,TRUE,FALSE
Streptococcus_parasanguinis,0.18957179540736402,-0.129581460091393,0.07361460634725431,0.44622649939691444,0.3063502096174804,0.0017476781853958743,0.008618762052942085,0.27317039746282507,0.6188074610559922,-74.14492048605673,8.541204165408576,1.6335097197259087,0.5556372625492576,2.1354333690665367e-11,5.987263970224365e-5,0.14637941443602226,1,4.514916266026392e-10,0.00443057533796603,0.49236712128480215,FALSE,TRUE,TRUE,FALSE,TRUE,FALSE,FALSE,TRUE
Abiotrophia_defectiva,NA,NA,NA,NA,NA,NA,NA,NA,NA,NA,NA,NA,1,1,1,1,1,1,1,1,FALSE,FALSE,FALSE,FALSE,TRUE,TRUE,TRUE,TRUE
Abiotrophia_sp_HMSC24B09,NA,NA,NA,NA,NA,NA,NA,NA,NA,NA,NA,NA,1,1,1,1,1,1,1,1,FALSE,FALSE,FALSE,FALSE,TRUE,TRUE,TRUE,TRUE
Mogibacterium_diversum,-1.1030470047092185,-0.026609570862640444,0.03583617318976075,1.106009919267236,0.3347856382876166,0.0019669156963935132,0.008084012103361729,0.3041432917035701,-3.2947859124159424,-13.528577209196651,4.4329687699079905,3.6364764551348263,0.010943618067284335,8.556356661251813e-7,0.002188336400913732,0.006622645639439026,0.04908046890782065,4.5226456638045295e-6,0.027443775951192777,0.046673883554141704,TRUE,TRUE,TRUE,TRUE,FALSE,FALSE,FALSE,FALSE
Actinomyces_SGB17132,NA,NA,NA,NA,NA,NA,NA,NA,NA,NA,NA,NA,1,1,1,1,1,1,1,1,FALSE,FALSE,FALSE,FALSE,TRUE,TRUE,TRUE,FALSE
Schaalia_SGB17158,NA,NA,NA,NA,NA,NA,NA,NA,NA,NA,NA,NA,1,1,1,1,1,1,1,1,FALSE,FALSE,FALSE,FALSE,TRUE,TRUE,TRUE,TRUE
Streptococcus_rubneri,21.765868740164663,0.2700346929810685,-0.5713271561215332,-24.070865921000376,0.2543579683033909,0.0016499222036036232,0.007428835385325812,0.17688523723043403,85.57179822337218,163.6651063857927,-76.9066921647068,-136.0818251307343,1,1,1,1,1,1,1,1,FALSE,FALSE,FALSE,FALSE,TRUE,TRUE,TRUE,TRUE
Rothia_aeria,10.458580133437005,-0.3969553287628474,-0.14051852629187211,0.41234652476369693,0.2555536052894019,0.0016598115589336246,0.00746479575651499,0.18223993164903102,40.925191102638436,-239.15686490210877,-18.824162224295673,2.2626573716995213,0.015552599764311292,0.002661918412848343,0.033787528691654065,0.26492695036371533,0.062210399057245166,0.006458425001664832,0.13890428462124446,0.7260960861820347,FALSE,TRUE,FALSE,FALSE,TRUE,FALSE,TRUE,TRUE
Scardovia_wiggsiae,1.8722144863994021,-0.19035209374177922,0.10426669453275374,NA,0.254971445122083,0.0016586258320271966,0.0075126643642627255,NA,7.34283984429302,-114.76493978700918,13.878790463306718,NA,1,1,1,1,1,1,1,1,FALSE,FALSE,FALSE,FALSE,TRUE,TRUE,TRUE,TRUE
Granulicatella_SGB8255,-0.8329799953797875,0.02199542501578272,-0.0018982782809681235,0.5866729725272787,0.40579052778658725,0.0023649135651386158,0.011739118609676299,0.41849931887890807,-2.0527339559238484,9.300731045742678,-0.16170534978694348,1.4018492887847,0.06467033645832435,1.5179674627949678e-6,0.8744698041584817,0.1885419015772485,0.20806977817026096,7.164857099745448e-6,1,0.5649434833984902,FALSE,TRUE,FALSE,FALSE,TRUE,FALSE,TRUE,TRUE
Granulicatella_adiacens,1.4467788627317557,0.036615299886745493,-0.09187655060391092,0.8916631702883875,0.2813818771187708,0.001868558026337015,0.008715735615647612,0.28267615610230906,5.141691702202531,19.59548452371236,-10.54145681506932,3.1543628673288864,0.12228860080069773,0.03245992655937927,0.06021182480125724,0.19544133846829265,0.35487672389222086,0.06962419030127728,0.1913191646690677,0.5671630998687708,FALSE,FALSE,FALSE,FALSE,TRUE,TRUE,TRUE,TRUE
Actinomyces_naeslundii,18.14206005509007,-0.28222002982006394,-0.5840269790787959,NA,0.2564949482038529,0.001663952464022031,0.007491507498902107,NA,70.73067201569764,-169.60822855353354,-77.95853894084549,NA,1,1,1,1,1,1,1,1,FALSE,FALSE,FALSE,FALSE,TRUE,TRUE,TRUE,TRUE
Gemella_haemolysans,0.7616237998871028,0.041003718407829494,-0.009745200951275608,-2.3230275083546617,0.40856595979859356,0.0024630620949143037,0.01406932298733456,0.4518243547227804,1.8641391472323159,16.647456226334448,-0.6926559977369487,-5.141439331618079,0.12132371472014958,1.4286286183409492e-5,0.5193727809625205,0.003640933547171388,0.35487672389222086,5.42146244908873e-5,1,0.031861626510207845,FALSE,TRUE,FALSE,TRUE,TRUE,FALSE,TRUE,FALSE
Rothia_mucilaginosa,-1.6252897673306244,0.05860159031381838,-0.012899902835202525,0.9398344672460067,0.46553567176462907,0.0028390457236311486,0.014569523001150277,0.5696131791459502,-3.4912249821155643,20.641298527192003,-0.8854032375791621,1.649952110755492,0.0035974017676295724,7.007300391149904e-12,0.39089342640903346,0.12120007274232325,0.024200702800417126,1.7284674298169764e-10,0.9483971657137206,0.4171537387410195,TRUE,TRUE,FALSE,FALSE,FALSE,FALSE,TRUE,TRUE
Parvimonas_micra,-2.1641638170763215,0.029062554725980676,-0.038692159848118676,3.1477269218607766,0.26490429543509025,0.0019438747981907402,0.007895013340573123,0.2609268685678964,-8.169606361126782,14.950836727257652,-4.900835271458819,12.06363660107966,1.8107270570274112e-4,5.637718380707779e-6,0.0027086051425210577,1.9694858867981344e-5,0.005359752088801137,2.4540656480727976e-5,0.027443775951192777,9.716130374870797e-4,TRUE,TRUE,TRUE,TRUE,FALSE,FALSE,FALSE,TRUE
Streptococcus_infantis,2.5384585255457965,-0.13808644305705228,0.07541970610229172,-1.4901519406526726,0.27579125267955107,0.0017468901012440698,0.00870021821322822,0.24035251987261574,9.204274975665369,-79.04701214959789,8.668714307374504,-6.199859861849741,7.740474762327603e-4,1.5351336547973996e-7,9.744366976137129e-4,0.0034420639050935847,0.010414456952949866,9.466657537917298e-7,0.020997968560355754,0.031861626510207845,TRUE,TRUE,TRUE,TRUE,FALSE,FALSE,FALSE,FALSE
Veillonella_atypica,1.6385880727362576,-0.21786006794781407,0.09433532751757956,-0.1468799211498826,0.2932487293119826,0.0019694740145709106,0.009232852661575084,0.30390917563730113,5.587707324702472,-110.61840183521247,10.21735437306181,-0.4833020287784127,5.176186602064417e-4,4.983989815137552e-14,7.227627678961098e-6,0.6418311074956369,0.009575945213819171,3.6881524632017884e-12,0.0010696888964862425,1,TRUE,TRUE,TRUE,FALSE,FALSE,FALSE,FALSE,TRUE
Veillonella_parvula,2.0170405335807833,0.03337078952805903,-0.04048488584114046,-2.394091057658391,0.32380548268973974,0.002392595301651227,0.010737250485071223,0.3716825293844447,6.229173505111549,13.947527818444055,-3.7705077195907397,-6.441225692322213,2.5132414480814793e-4,6.76409973188721e-7,0.0054616807247609,2.0016429331670677e-4,0.0061993289052676495,3.70772874192336e-6,0.04041643736323066,0.0049373859018121006,TRUE,TRUE,TRUE,TRUE,FALSE,FALSE,FALSE,FALSE
Megasphaera_micronuciformis,NA,NA,NA,NA,NA,NA,NA,NA,NA,NA,NA,NA,1,1,1,1,1,1,1,1,FALSE,FALSE,FALSE,FALSE,TRUE,TRUE,TRUE,FALSE
Streptococcus_gordonii,-5.818393536093395,0.228006705552328,0.03504190841595739,1.2160102891224924,0.27077097854123217,0.0019306788410634083,0.00791855862652862,0.2463701083136181,-21.48824651533838,118.09665113786767,4.4252887512331585,4.935705461372635,0.002158688666177206,7.169322701678842e-5,0.0474585304010134,0.03868273379513585,0.01774921792190147,2.5263327615439725e-4,0.18009903844487135,0.17348620005091228,TRUE,TRUE,FALSE,FALSE,FALSE,FALSE,TRUE,TRUE
Veillonella_rogosae,-0.14266457910468705,0.03647627424985659,-0.03459808853543961,0.5216838289782713,0.29363510993399805,0.001600497975942168,0.008262044095226491,0.22025893719285036,-0.485856678163434,22.79057818138385,-4.187594272878442,2.3685024345754684,0.6400965192338418,1.4563818490894357e-8,0.0030477736453780155,0.045352307348657736,1,1.2679089039131557e-7,0.027443775951192777,0.18926565064516712,FALSE,TRUE,TRUE,FALSE,TRUE,FALSE,FALSE,TRUE
Porphyromonas_bobii,-0.5646590712047005,0.08423161611689389,-0.03705730188518505,-0.342571415612509,0.474018589146237,0.0026689153314538795,0.010230948815443282,0.47641975457347363,-1.191217146613844,31.56024289126066,-3.6220787097720857,-0.7190537594714232,0.2548637345958769,1.1330932743944855e-13,0.003098271582725132,0.48483326161939133,0.650341943451548,5.589926820346128e-12,0.027443775951192777,1,FALSE,TRUE,TRUE,FALSE,TRUE,FALSE,FALSE,TRUE
Prevotella_histicola,5.360601521642131,-0.24908193779891746,0.0830098146991676,-2.4702131558047506,0.2980550707135222,0.00208182079245207,0.009591775417250571,0.3098477202244122,17.9852720130184,-119.64619562932533,8.654270047845001,-7.972345751053643,3.7489299049932106e-4,1.2872558025113582e-6,0.0032455529252529646,0.004117605415592551,0.007926308941985646,6.350461959056034e-6,0.027443775951192777,0.03207397902672092,TRUE,TRUE,TRUE,TRUE,FALSE,FALSE,FALSE,FALSE
Rothia_SGB49305,-4.0588529360926415,0.1793092361784409,0.0022320239707223776,-0.3443584282246849,0.2815586073445212,0.0018775446388712438,0.00835036585111146,0.2553125729422907,-14.415659227658209,95.5019829974532,0.2672965485009604,-1.3487719161504887,2.8973224270482318e-5,2.386337528474988e-9,0.7999158304896034,0.23527606363938242,0.0017162893195728165,3.210708674675439e-8,1,0.6569973097854452,TRUE,TRUE,FALSE,FALSE,FALSE,FALSE,TRUE,FALSE
Streptococcus_oralis,1.8101359889132103,0.05324950239568843,-0.0598210378282057,-2.027164370344303,0.32999445275242556,0.0023057474895648664,0.012055789982326549,0.4025380367726163,5.485352780373079,23.094247152682584,-4.962017247803891,-5.0359573137417515,9.207244965194608e-4,7.238161163368233e-8,0.0016338623352521644,0.0015032838917759669,0.011355602123740018,5.10118024846904e-7,0.024181162561732035,0.02042637544207977,TRUE,TRUE,TRUE,TRUE,FALSE,FALSE,FALSE,FALSE
Streptococcus_intermedius,NA,NA,NA,NA,NA,NA,NA,NA,NA,NA,NA,NA,1,1,1,1,1,1,1,1,FALSE,FALSE,FALSE,FALSE,TRUE,TRUE,TRUE,FALSE
Tannerella_serpentiformis,-0.512618049066719,0.022577187176409007,0.011495435918900754,-0.01093307019360016,0.3077038290997477,0.0019858083787556774,0.00891919002763785,0.28647993522932264,-1.6659462788178199,11.369267759135978,1.2888430320780142,-0.03816347621290968,0.171053356059411,3.41309093794484e-4,0.2669409425506048,0.9713860744008975,0.46881290179245977,9.904656055212476e-4,0.6811596465084399,1,FALSE,TRUE,FALSE,FALSE,TRUE,FALSE,TRUE,TRUE
Prevotella_salivae,2.244016417309336,-0.2289534647025038,0.08814371255747543,0.23274708271230443,0.2722420016417521,0.0017590961277179613,0.007981094602775777,0.2134011662037937,8.242726705566453,-130.15403825572645,11.04406311971538,1.0906551583229671,0.001181439622287302,2.0900167470970276e-8,3.821760031660695e-4,0.33672137174456357,0.013394331502536072,1.6280130451071584e-7,0.014140512117144571,0.8899064824677752,TRUE,TRUE,TRUE,FALSE,FALSE,FALSE,FALSE,TRUE
Gemella_morbillorum,NA,NA,NA,NA,NA,NA,NA,NA,NA,NA,NA,NA,1,1,1,1,1,1,1,1,FALSE,FALSE,FALSE,FALSE,TRUE,TRUE,TRUE,FALSE
Prevotella_oris,0.26424238889789686,-0.0034676281215051895,0.0050883070101815,-0.13796464429932584,0.3070570748022104,0.0025589032599868697,0.009566420636534286,0.38751225415979657,0.860564405064132,-1.355122788628978,0.5318924604620864,-0.3560265328859356,0.41797536191357343,0.2174792658535071,0.6112567196702909,0.7323090633809638,1,0.4533370612157613,1,1,FALSE,FALSE,FALSE,FALSE,TRUE,TRUE,TRUE,TRUE
Prevotella_melaninogenica,-0.29498345279461546,0.03624687075844472,-0.026060391220289147,0.2804806840643605,0.2934201425975823,0.0017410550366770566,0.0084825696021831,0.28930154859328916,-1.0053278898414864,20.818911519089472,-3.0722283980531278,0.9695097915243815,0.33458105295809515,8.725992391189978e-11,0.009676646208448617,0.35142675913660903,0.8252999306299681,1.4349409709956851e-9,0.059813441417182756,0.9124764974073357,FALSE,TRUE,FALSE,FALSE,TRUE,FALSE,TRUE,TRUE
Prevotella_nigrescens,NA,NA,NA,NA,NA,NA,NA,NA,NA,NA,NA,NA,1,1,1,1,1,1,1,1,FALSE,FALSE,FALSE,FALSE,TRUE,TRUE,FALSE,FALSE
GGB1144_SGB1468,3.6088696531567965,-0.1313700981693581,-0.07399133442818484,0.8679066060886854,0.26170879923639145,0.0016238095088928737,0.00734061320540597,0.1826686614741108,13.78963819209244,-80.9024072404449,-10.07972118374173,4.751261650930156,0.005217768427916619,1.5274872571226082e-4,0.009699476986570177,0.04155606206236606,0.03197571816569666,4.8099598734924686e-4,0.059813441417182756,0.1808910936832405,TRUE,TRUE,FALSE,FALSE,FALSE,FALSE,TRUE,TRUE
Capnocytophaga_gingivalis,-1.547183700418133,0.08860116507116134,0.03208488674386337,-1.175942836155858,0.2615830501752923,0.0017394249928857936,0.007783629194756225,0.21009222068579633,-5.914694011639258,50.93704266268334,4.122098566241918,-5.597269771899554,0.027414793498344737,3.8519581264369394e-4,0.05411902454907847,0.0304676533525806,0.10143473594387553,0.0010756411371937113,0.18502254978914723,0.15030708987273098,FALSE,TRUE,FALSE,FALSE,TRUE,FALSE,TRUE,TRUE
Fusobacterium_nucleatum,1.6383831732057355,0.012215543708723194,-0.043753614067939026,-0.1174261270626107,0.3962140721129007,0.0033849095733149647,0.012612508716209251,0.541955870782545,4.135095869938915,3.6088242371450026,-3.4690651203838674,-0.2166710121491181,0.004375957825044801,0.008637689621513416,0.010419045270280026,0.8346440067318787,0.02815833730898394,0.019369364605817962,0.06168074800005775,1,TRUE,TRUE,FALSE,FALSE,FALSE,FALSE,TRUE,TRUE
Peptostreptococcus_stomatis,NA,NA,NA,NA,NA,NA,NA,NA,NA,NA,NA,NA,1,1,1,1,1,1,1,1,FALSE,FALSE,FALSE,FALSE,TRUE,TRUE,TRUE,FALSE
Prevotella_denticola,-17.163396802444204,1.0488060982118854,0.021737248491160075,NA,0.2564949482038529,0.001663952464022031,0.007491507498902107,NA,-66.91514559110676,630.310132584412,2.901585361069946,NA,1,1,1,1,1,1,1,1,FALSE,FALSE,FALSE,FALSE,TRUE,TRUE,TRUE,TRUE
Metamycoplasma_salivarium,3.7422143690774687,-0.27388107772797654,NA,NA,0.26724141638240345,0.0018200711720974126,NA,NA,14.003122793372066,-150.47822410832518,NA,NA,1,1,1,1,1,1,1,1,FALSE,FALSE,FALSE,FALSE,TRUE,TRUE,TRUE,TRUE
Alloprevotella_tannerae,7.745502954920233,-0.6007229618509939,0.06596743286405825,2.9921835728840267,0.2856770355825456,0.0017991773590374978,0.008390598398333504,0.22040419147435739,27.11279518539456,-333.88757302524164,7.8620653417473,13.575892331576407,0.0013575827973985463,8.97002484317056e-6,0.015795769281178994,0.005382029839993573,0.013394816934332324,3.6876768799701185e-5,0.08349192334337469,0.03982702081595244,TRUE,TRUE,FALSE,TRUE,FALSE,FALSE,TRUE,FALSE
Streptococcus_anginosus,NA,NA,NA,NA,NA,NA,NA,NA,NA,NA,NA,NA,1,1,1,1,1,1,1,1,FALSE,FALSE,FALSE,FALSE,TRUE,TRUE,TRUE,FALSE
Corynebacterium_durum,1.6637301620687295,-0.0773296733645725,0.029502201404965726,-0.5692518761143873,0.2543579683033909,0.0016499222036036232,0.007428835385325812,0.17688523723043403,6.540900500055417,-46.868678532645625,3.971309078034151,-3.2181989013181735,1,1,1,1,1,1,1,1,FALSE,FALSE,FALSE,FALSE,TRUE,TRUE,TRUE,TRUE
Candidatus_Nanosynsacchari_sp_TM7_ANC_38_39_G1_1,NA,NA,NA,NA,NA,NA,NA,NA,NA,NA,NA,NA,1,1,1,1,1,1,1,1,FALSE,FALSE,FALSE,FALSE,TRUE,TRUE,TRUE,TRUE
Dialister_invisus,NA,NA,NA,NA,NA,NA,NA,NA,NA,NA,NA,NA,1,1,1,1,1,1,1,1,FALSE,FALSE,FALSE,FALSE,TRUE,TRUE,TRUE,TRUE
Neisseria_subflava,-2.235560164191952,0.022752835232831847,0.034575538263667646,1.2508380642996761,0.3068720664935516,0.002059025269638583,0.008548735903160276,0.3214900327700262,-7.2849907446330855,11.050294315632955,4.044520576531771,3.89075223739346,4.638619782629234e-5,1.5491582918368537e-6,0.0029087711115777996,0.0036707465090839602,0.0017162893195728165,7.164857099745448e-6,0.027443775951192777,0.031861626510207845,TRUE,TRUE,TRUE,TRUE,FALSE,FALSE,FALSE,FALSE
Burkholderia_contaminans,NA,NA,NA,NA,NA,NA,NA,NA,NA,NA,NA,NA,1,1,1,1,1,1,1,1,FALSE,FALSE,FALSE,FALSE,FALSE,TRUE,TRUE,FALSE
Fusobacterium_periodonticum,-0.9170088467692336,-0.008664783149291483,0.0014781255510768285,1.4910249199534293,0.25690605265738764,0.0016747985805115333,0.0075944725449213525,0.20659661985943165,-3.5694326283241185,-5.173626996175862,0.19463175912924915,7.21708283982537,0.0091038252643145,0.0012899160593349166,0.8512095045336239,1.7484328368530576e-4,0.043463423842533745,0.0032915099445097874,1,0.0049373859018121006,TRUE,TRUE,FALSE,TRUE,FALSE,FALSE,TRUE,TRUE
Lachnoanaerobaculum_sp_ICM7,-3.272993681922924,0.10854487675502393,0.028249165037581594,0.6942156405088419,0.25051962137338446,0.0016293612367912233,0.007322056465042566,0.17688057715692632,-13.0648196894914,66.61805516423503,3.8580916676142256,3.9247703262124825,0.0058076037046916815,2.252523560828465e-4,0.06109064848885542,0.05921165281965842,0.03305866724209111,6.803540551073731e-4,0.1913191646690677,0.23061380571866966,TRUE,TRUE,FALSE,FALSE,FALSE,FALSE,TRUE,TRUE
Prevotella_nanceiensis,-1.7426013791874766,0.013824510018735811,0.023797282058280016,1.670959878813582,0.30603825944471097,0.0018351602632831528,0.008590986930333623,0.283422060035626,-5.694063815254105,7.533135004788834,2.770028897873771,5.8956592108728,0.001267031358348007,2.8361218337261335e-4,0.032421237011082994,0.0010573223019012866,0.013394331502536072,8.394920627829355e-4,0.13890428462124446,0.019560462585173802,TRUE,TRUE,FALSE,TRUE,FALSE,FALSE,TRUE,FALSE
Solobacterium_SGB6829,0.6746954803916385,-0.09878148503938064,0.04852742337532726,0.29142078133764465,0.3022269668644988,0.0018056419500664157,0.008792330300326853,0.2539031614254325,2.232413233641501,-54.707127864274106,5.519290303905356,1.1477635004683882,0.06075414993900913,1.78776835599007e-10,8.882240474345713e-4,0.28877466936174695,0.19981364868829668,2.6458971668653037e-9,0.020997968560355754,0.7770663830097918,FALSE,TRUE,TRUE,FALSE,TRUE,FALSE,FALSE,TRUE
Prevotella_pallens,2.756967210869716,-0.07347710807062484,-0.02110857170946162,-0.6271621533838395,0.31861278404841065,0.0019962846772156135,0.009861461354278359,0.30807408000679054,8.653033867124481,-36.806928845994825,-2.140511527767002,-2.0357511198930323,1.176328448489128e-5,3.997055858242664e-11,0.06097050433246636,0.07225972537220746,0.0017162893195728165,7.394553337748929e-10,0.1913191646690677,0.265695774762801,TRUE,TRUE,FALSE,FALSE,FALSE,FALSE,TRUE,TRUE
Oribacterium_SGB5283,NA,NA,NA,NA,NA,NA,NA,NA,NA,NA,NA,NA,1,1,1,1,1,1,1,1,FALSE,FALSE,FALSE,FALSE,TRUE,TRUE,TRUE,TRUE
Peptostreptococcus_SGB749,0.15906268581953564,0.062018900560702785,-0.04142337801286918,-0.15361683338856333,0.31136530389324424,0.0022341294268055797,0.009513456977360165,0.34904232142341446,0.5108555251039545,27.75976172937265,-4.354187769119814,-0.4401094765875529,0.6251650541508036,2.0213704473235028e-8,0.003337756534604527,0.6731267582291921,1,1.6280130451071584e-7,0.027443775951192777,1,FALSE,TRUE,TRUE,FALSE,TRUE,FALSE,FALSE,TRUE
Eubacterium_sulci,-0.1854913809487094,0.022525831486708503,0.010364564027536752,-0.45283561242040216,0.27902058172253946,0.0020199048769109222,0.008300258340797763,0.3202219999644661,-0.6647946176714794,11.15192687744666,1.248703787518568,-1.4141302361194787,0.5274682752980935,1.0382407287252769e-5,0.25191404132367345,0.20022355469136674,1,4.111730613972452e-5,0.6540925985246259,0.5698670402754284,FALSE,TRUE,FALSE,FALSE,TRUE,FALSE,TRUE,TRUE
Schaalia_meyeri,NA,NA,NA,NA,NA,NA,NA,NA,NA,NA,NA,NA,1,1,1,1,1,1,1,1,FALSE,FALSE,FALSE,FALSE,TRUE,TRUE,FALSE,FALSE
Schaalia_SGB17168,-4.566985647483233,0.2998389458587158,-0.04916297645399527,-0.042056874144511605,0.4672750192630775,0.002037740191126974,0.00941269506879424,0.4128138398597261,-9.773656752902522,147.14287285705916,-5.2230499442167755,-0.1018785468985306,6.140523616309098e-4,1.279559873510294e-8,0.006414076559021664,0.9237558630615419,0.009948026398282779,1.183592882997022e-7,0.043149242306145745,1,TRUE,TRUE,TRUE,FALSE,FALSE,FALSE,FALSE,TRUE
Haemophilus_sputorum,NA,NA,NA,NA,NA,NA,NA,NA,NA,NA,NA,NA,1,1,1,1,1,1,1,1,FALSE,FALSE,FALSE,FALSE,TRUE,TRUE,TRUE,TRUE
Porphyromonas_endodontalis,1.601867069021881,-0.2982341056411264,0.03498400167721984,4.141030728142638,0.33019673263259647,0.0022452071761173147,0.010587358935068106,0.3584765431082937,4.8512505143539615,-132.83144148722573,3.304318092148899,11.55174810668618,0.016717370964135253,9.407613912936879e-7,0.04558567975654575,0.001392944094346976,0.06510976059715835,4.801127100395373e-6,0.17754422642023082,0.02042637544207977,FALSE,TRUE,FALSE,TRUE,TRUE,FALSE,TRUE,FALSE
Capnocytophaga_leadbetteri,4.338083029473396,0.024099703003771764,-0.05419860003046346,-4.214001091962277,0.25070014192838974,0.001636998662320084,0.007581155197355187,0.19268550543481183,17.303871454179436,14.72188313802026,-7.149121554637419,-21.8698395733141,0.003323107741531035,0.0045822648174170975,0.019009548891297624,0.0020842479649232503,0.024200702800417126,0.010596487390277038,0.09701424951420858,0.025705724900720088,TRUE,TRUE,FALSE,TRUE,FALSE,FALSE,TRUE,FALSE
Oribacterium_sinus,-0.14969611137385466,-0.05126589546205316,0.02402171242379522,0.7791125654946524,0.375525917564958,0.0019925333836977137,0.010241302401327913,0.335455149906031,-0.39863057214409287,-25.72900202400357,2.345572026140006,2.3225535983361723,0.7020452589211055,3.424528247130217e-8,0.051421492860011686,0.05319401810465346,1,2.5341509028763606e-7,0.18502254978914723,0.21277607241861385,FALSE,TRUE,FALSE,FALSE,TRUE,FALSE,TRUE,FALSE
Capnocytophaga_SGB2499,NA,NA,NA,NA,NA,NA,NA,NA,NA,NA,NA,NA,1,1,1,1,1,1,1,1,FALSE,FALSE,FALSE,FALSE,TRUE,TRUE,TRUE,TRUE
Prevotella_shahii,15.686846612251905,0.18220431473642051,-0.7841101880874097,-13.130490659775491,0.2543579683033909,0.0016499222036036232,0.007428835385325812,0.17688523723043403,61.672322345101776,110.43206421397625,-105.5495440962743,-74.23169318912682,1,1,1,1,1,1,1,1,FALSE,FALSE,FALSE,FALSE,TRUE,TRUE,FALSE,TRUE
Lautropia_mirabilis,NA,NA,NA,NA,NA,NA,NA,NA,NA,NA,NA,NA,1,1,1,1,1,1,1,1,FALSE,FALSE,FALSE,FALSE,TRUE,TRUE,TRUE,FALSE
Veillonella_tobetsuensis,-0.4656040280846964,0.07152328623745759,-0.04244396127944438,0.06892087233539634,0.2663890771407713,0.0017122537654308773,0.007811411128495397,0.19773759225635712,-1.7478345324145985,41.771428792541876,-5.433584352590563,0.34854714042458756,0.22260286877673988,5.726222039919713e-4,0.03224179135792454,0.7607006438395385,0.5779863961220615,0.0015408742943783954,0.13890428462124446,1,FALSE,TRUE,FALSE,FALSE,TRUE,FALSE,TRUE,TRUE
Haemophilus_haemolyticus,-6.549736652353799,0.42009568257321206,0.0352475803670835,-1.5929776446039596,0.25494456550165445,0.001646603986179204,0.007451464706260547,0.17842425449753035,-25.69082670762517,255.12854705763598,4.730288843409445,-8.928033069775324,0.02476753883727759,0.0024952774574457438,0.1326308877941754,0.0710097496911276,0.0939896345619765,0.006155017728366168,0.36350687765811035,0.265695774762801,FALSE,TRUE,FALSE,FALSE,TRUE,FALSE,TRUE,TRUE
Treponema_vincentii,-1.3677693931543282,0.005893514474075425,-0.02205836657671085,2.3600745473963154,0.29664792540499163,0.0018780546696264716,0.008913708701338298,0.2494412754968044,-4.610749902555405,3.1380952692115147,-2.4746564326697174,9.461443550975389,0.043960338375884006,0.08830375865249433,0.13177562513041458,0.010987060830350554,0.15490785903882934,0.18669937543670231,0.36350687765811035,0.06775354178716175,FALSE,FALSE,FALSE,FALSE,TRUE,TRUE,TRUE,TRUE
Leptotrichia_wadei,NA,NA,NA,NA,NA,NA,NA,NA,NA,NA,NA,NA,1,1,1,1,1,1,1,1,FALSE,FALSE,FALSE,FALSE,TRUE,TRUE,TRUE,FALSE
Filifactor_alocis,-3.738028727327433,0.10589302110725747,-0.009363829351324692,2.406514317290615,0.25293855139769517,0.0017852841108024799,0.0073914900632021776,0.2145031494032865,-14.778406481225284,59.314380532776305,-1.2668391990326302,11.2190162428158,6.721639458299175e-4,1.055714617101035e-5,0.2946267192650983,0.0015181765531275503,0.009948026398282779,4.111730613972452e-5,0.7390636347666872,0.02042637544207977,TRUE,TRUE,FALSE,TRUE,FALSE,FALSE,TRUE,FALSE
Leptotrichia_sp_oral_taxon_215,0.5483694491102485,-0.027451308679004943,-0.021219069062111923,0.871332280555433,0.2590672359688008,0.002028342282577835,0.00767304106021427,0.2698449916925037,2.1167070666407546,-13.533864040006538,-2.7654053843313307,3.229010385148603,0.10171864499035851,1.7251231187264982e-4,0.05056852435621026,0.03200556916256292,0.3072318256851645,5.31912961607337e-4,0.18502254978914723,0.1528007818083649,FALSE,TRUE,FALSE,FALSE,TRUE,FALSE,TRUE,FALSE
Catonella_massiliensis,-2.830887051571139,0.019234137157921362,0.0057905735562420926,2.6743500929754505,0.2619635755708042,0.001640526737972968,0.007812920269730416,0.19863159769896138,-10.806414767407233,11.72436676142629,0.7411535451957064,13.463870421203556,3.715862195102172e-5,2.322929545815648e-5,0.4865839015952914,1.0402716873107708e-5,0.0017162893195728165,8.594839319517898e-5,1,7.698010486099704e-4,TRUE,TRUE,FALSE,TRUE,FALSE,FALSE,TRUE,TRUE
Prevotella_intermedia,NA,NA,NA,NA,NA,NA,NA,NA,NA,NA,NA,NA,1,1,1,1,1,1,1,1,FALSE,FALSE,FALSE,FALSE,TRUE,TRUE,TRUE,TRUE
TM7_phylum_sp_oral_taxon_352,-0.1821311503072035,0.047346941634615114,-0.04363950648233649,0.5603945422653143,0.40192240993393874,0.002327984863689534,0.009601577173155643,0.39588898779098775,-0.45315002549158473,20.3381655839363,-4.545035226540182,1.4155345552606742,0.6611680192049363,7.830996719653199e-9,0.001395817792002983,0.1905715552198786,1,8.278482246490524e-8,0.022953448135160166,0.5649434833984902,FALSE,TRUE,TRUE,FALSE,TRUE,FALSE,FALSE,TRUE
Streptococcus_constellatus,1.5834290915389995,-0.25688898702397106,0.14096145231666676,-0.7619346846625681,0.2542873726151828,0.0018426522492014119,0.0073990928556418025,0.22080736649599278,6.226927728476822,-139.4126250003517,19.051180336138607,-3.4506760202513247,0.1013710350333644,0.004566364448070415,0.03338565117902576,0.17957219677920908,0.3072318256851645,0.010596487390277038,0.13890428462124446,0.5649434833984902,FALSE,TRUE,FALSE,FALSE,TRUE,FALSE,TRUE,TRUE
Solobacterium_SGB6834,NA,NA,NA,NA,NA,NA,NA,NA,NA,NA,NA,NA,1,1,1,1,1,1,1,1,FALSE,FALSE,FALSE,FALSE,TRUE,TRUE,FALSE,TRUE
Lancefieldella_rimae,73.70482172495113,-1.8973481059324246,-0.3167596737607492,-33.709365225035135,0.2543579683033909,0.0016499222036036232,0.007428835385325812,0.17688523723043403,289.76808635709074,-1149.962162936164,-42.63921023023945,-190.5719536171403,1,1,1,1,1,1,1,1,FALSE,FALSE,FALSE,FALSE,TRUE,TRUE,TRUE,TRUE
Haemophilus_parainfluenzae,-1.565279568957008,0.1552750887895852,-0.03152307679018753,-1.4825510352318272,0.27294272468930475,0.0016892930531181845,0.007531630658020681,0.20328487318039334,-5.734827959744272,91.9172008095164,-4.185425204914631,-7.292972723633123,0.02908593978806571,1.1833938914842454e-4,0.05261974295731585,0.018287273526631384,0.1049931485032616,3.892051020881518e-4,0.18502254978914723,0.10247068579922697,FALSE,TRUE,FALSE,FALSE,TRUE,FALSE,TRUE,TRUE
Streptococcus_cristatus,0.14627170413119592,0.08073239828534132,-0.05472557237868388,-0.6733398989958262,0.3145403944970698,0.0020935361636354923,0.008190760428643687,0.29830099480857725,0.46503312989441353,38.56269582902591,-6.681378713910929,-2.257249927805019,0.6614571538851406,2.2097490606722642e-7,0.0011350253275867975,0.07360491057618135,1,1.3081714439179803e-6,0.020997968560355754,0.265695774762801,FALSE,TRUE,TRUE,FALSE,TRUE,FALSE,FALSE,TRUE
Candidatus_Nanoperiomorbus_periodonticus,NA,NA,NA,NA,NA,NA,NA,NA,NA,NA,NA,NA,1,1,1,1,1,1,1,1,FALSE,FALSE,FALSE,FALSE,TRUE,TRUE,TRUE,TRUE
Pseudomonas_aeruginosa,0.0155429490370857,0.03020043168858827,-0.011106395654031561,-2.692776535532908,0.2713639717801658,0.0018487428543693613,0.010623771644006888,0.35416612368116973,0.057277128334770874,16.335658373046243,-1.0454286882471662,-7.603145404039323,0.9595321309730978,0.0037264377184815308,0.4055573110621248,0.0168623916525952,1,0.008895367457020428,0.9681045489870076,0.09982535858336358,FALSE,TRUE,FALSE,FALSE,TRUE,TRUE,TRUE,TRUE
Slackia_exigua,NA,NA,NA,NA,NA,NA,NA,NA,NA,NA,NA,NA,1,1,1,1,1,1,1,1,FALSE,FALSE,FALSE,FALSE,TRUE,TRUE,TRUE,FALSE
Tannerella_forsythia,NA,NA,NA,NA,NA,NA,NA,NA,NA,NA,NA,NA,1,1,1,1,1,1,1,1,FALSE,FALSE,FALSE,FALSE,TRUE,TRUE,TRUE,TRUE
GGB4733_SGB6557,NA,NA,NA,NA,NA,NA,NA,NA,NA,NA,NA,NA,1,1,1,1,1,1,1,1,FALSE,FALSE,FALSE,FALSE,TRUE,TRUE,TRUE,TRUE
Eubacterium_brachy,0.9563619571515514,0.080565998861888935,-0.07365014208867708,0.04469238054733621,0.2529315187879161,0.0016398712429302397,0.007397471503127809,0.17762334096493343,3.7811102457083017,49.129466236585635,-9.95612379953559,0.2516132187613756,0.16459986183732736,0.012956213970704561,0.06372880048468473,0.8430755119623792,0.45963735003631034,0.02819881864212169,0.19248698921904772,1,FALSE,TRUE,FALSE,FALSE,TRUE,FALSE,TRUE,TRUE
Prevotella_jejuni,NA,NA,NA,NA,NA,NA,NA,NA,NA,NA,NA,NA,1,1,1,1,1,1,1,1,FALSE,FALSE,FALSE,FALSE,TRUE,TRUE,TRUE,FALSE
GGB3883_SGB5265,NA,NA,NA,NA,NA,NA,NA,NA,NA,NA,NA,NA,1,1,1,1,1,1,1,1,FALSE,FALSE,FALSE,FALSE,TRUE,TRUE,TRUE,TRUE
Treponema_denticola,4.792603210610831,-0.4222761985969044,0.10522441245127181,1.2688004540762616,0.2543579683033909,0.0016499222036036232,0.007428835385325812,0.17688523723043403,18.84196214719859,-255.93703610667447,14.164321457320447,7.173014966892658,1,1,1,1,1,1,1,1,FALSE,FALSE,FALSE,FALSE,TRUE,TRUE,TRUE,TRUE
Parvimonas_sp_oral_taxon_110,NA,NA,NA,NA,NA,NA,NA,NA,NA,NA,NA,NA,1,1,1,1,1,1,1,1,FALSE,FALSE,FALSE,FALSE,TRUE,TRUE,TRUE,TRUE
Candidatus_Nanosynbacter_sp_HMT_352,NA,NA,NA,NA,NA,NA,NA,NA,NA,NA,NA,NA,1,1,1,1,1,1,1,1,FALSE,FALSE,FALSE,FALSE,TRUE,TRUE,TRUE,TRUE
Oribacterium_asaccharolyticum,-2.2455504765585284,0.2125836154519545,-0.14371015134729484,3.860190531063744,0.25631274546093163,0.001909613486708907,0.00753661022215827,0.24099784378054537,-8.760978594803454,111.32284984975067,-19.068274344980036,16.017531404052168,0.012779302752849504,8.068239961096682e-5,0.0027389876202767666,0.0038750626836739272,0.05353571665801398,2.713862532368884e-4,0.027443775951192777,0.031861626510207845,FALSE,TRUE,TRUE,TRUE,TRUE,FALSE,FALSE,FALSE
Oribacterium_parvum,-1.538815149148302,0.15505131262153762,-0.016726612902801388,-0.6970668215492086,0.2483711763784581,0.0016213521564660922,0.0072529722735920526,0.17599057186597444,-6.195626930572317,95.63086711494454,-2.306173561934422,-3.960819117515338,0.008470588819581855,2.5206092920562615e-6,0.10439607359275728,0.028738517658347684,0.04322921190683154,1.1304550764373535e-5,0.3029533116025113,0.1466655383943261,TRUE,TRUE,FALSE,FALSE,FALSE,FALSE,TRUE,TRUE
GGB2964_SGB3946,NA,NA,NA,NA,NA,NA,NA,NA,NA,NA,NA,NA,1,1,1,1,1,1,1,1,FALSE,FALSE,FALSE,FALSE,TRUE,TRUE,TRUE,TRUE
GGB3887_SGB5270,NA,NA,NA,NA,NA,NA,NA,NA,NA,NA,NA,NA,1,1,1,1,1,1,1,1,FALSE,FALSE,FALSE,FALSE,TRUE,TRUE,TRUE,TRUE
Campylobacter_concisus,-0.06998130412442835,-0.053569980871812535,0.0023233441740402446,1.594514671809131,0.30546410329496226,0.0021796596479626285,0.008150613663340352,0.32436601391253816,-0.22909829131985765,-24.57722283471434,0.28505144152398365,4.915788348402847,0.8264019823870449,2.9842652655385796e-7,0.7851884098521569,0.002668088192228274,1,1.6987356126911915e-6,1,0.02820550374641318,FALSE,TRUE,FALSE,TRUE,TRUE,FALSE,TRUE,FALSE
Lachnoanaerobaculum_orale,1.1062523643591822,-0.04296709567397719,0.01978857249419247,-0.5778192284178182,0.2513655375916857,0.0016599515685372557,0.007356732523911061,0.18476485370451068,4.40097069374785,-25.884547771378454,2.6898589054142024,-3.1273221980946033,0.0479472308566414,0.001489182339528265,0.11487820714994901,0.08883437821014852,0.16502767829727735,0.003735576038138699,0.32696105111908563,0.31303542797861855,FALSE,TRUE,FALSE,FALSE,TRUE,FALSE,TRUE,TRUE
Neisseria_sicca,NA,NA,NA,NA,NA,NA,NA,NA,NA,NA,NA,NA,1,1,1,1,1,1,1,1,FALSE,FALSE,FALSE,FALSE,TRUE,TRUE,TRUE,FALSE
Capnocytophaga_sputigena,NA,NA,NA,NA,NA,NA,NA,NA,NA,NA,NA,NA,1,1,1,1,1,1,1,1,FALSE,FALSE,FALSE,FALSE,TRUE,TRUE,TRUE,TRUE
Eubacterium_infirmum,NA,NA,NA,NA,NA,NA,NA,NA,NA,NA,NA,NA,1,1,1,1,1,1,1,1,FALSE,FALSE,FALSE,FALSE,TRUE,TRUE,TRUE,TRUE
Prevotella_baroniae,-6.289363752233534,-1.161670473294337,0.9825405059958532,-2.1467568744786316,0.2543579683033909,0.0016499222036036232,0.007428835385325812,0.17688523723043403,-24.726427067273004,-704.0759077955995,132.26036855476252,-12.136438902936728,1,1,1,1,1,1,1,1,FALSE,FALSE,FALSE,FALSE,TRUE,TRUE,TRUE,TRUE
Corynebacterium_matruchotii,NA,NA,NA,NA,NA,NA,NA,NA,NA,NA,NA,NA,1,1,1,1,1,1,1,1,FALSE,FALSE,FALSE,FALSE,TRUE,TRUE,TRUE,TRUE
GGB1843_SGB2524,NA,NA,NA,NA,NA,NA,NA,NA,NA,NA,NA,NA,1,1,1,1,1,1,1,1,FALSE,FALSE,FALSE,FALSE,TRUE,TRUE,TRUE,TRUE
GGB4533_SGB6246,NA,NA,NA,NA,NA,NA,NA,NA,NA,NA,NA,NA,1,1,1,1,1,1,1,1,FALSE,FALSE,FALSE,FALSE,TRUE,TRUE,TRUE,TRUE
Campylobacter_rectus,-15.149572949717575,0.7993386229754572,0.1154047630619043,NA,0.2564949482038529,0.001663952464022031,0.007491507498902107,NA,-59.063825840644796,480.38549192885705,15.404745050154066,NA,1,1,1,1,1,1,1,1,FALSE,FALSE,FALSE,FALSE,TRUE,TRUE,TRUE,TRUE
Prevotella_oulorum,NA,NA,NA,NA,NA,NA,NA,NA,NA,NA,NA,NA,1,1,1,1,1,1,1,1,FALSE,FALSE,FALSE,FALSE,TRUE,TRUE,FALSE,TRUE
GGB4333_SGB5935,-4.93069237419651,-1.0266239806305306,0.7954022610902182,NA,0.2564949482038529,0.001663952464022031,0.007491507498902107,NA,-19.223350825131163,-616.9791522463456,106.17385902727665,NA,1,1,1,1,1,1,1,1,FALSE,FALSE,FALSE,FALSE,TRUE,TRUE,TRUE,TRUE
Prevotella_vespertina,2.0987312938268743,-0.10242603546901842,0.012848040162459511,-0.22783025673461346,0.26449439896543425,0.0017255772071315422,0.00772552914880855,0.20009532102421596,7.934879914417959,-59.357550068294564,1.6630628032050034,-1.1386086169753113,0.0798097971058052,0.010724154765689524,0.3446500184415354,0.4587966965584773,0.25131595684381214,0.023689177691373874,0.8501367121557875,1,FALSE,TRUE,FALSE,FALSE,TRUE,FALSE,TRUE,TRUE
Alloprevotella_SGB1483,-32.77766804688959,1.9664173628820414,0.3334242687989867,-7.016227153612503,0.27810381805865486,0.0017528277213547197,0.008172747539510947,0.20608674556793843,-117.86126589594843,1121.8543265405704,40.79708411241816,-34.04501892771914,0.005401303744205516,5.674708281598159e-4,0.015601416987627802,0.018693976463372487,0.03197571816569666,0.0015408742943783954,0.08349192334337469,0.10247068579922697,TRUE,TRUE,FALSE,FALSE,FALSE,FALSE,TRUE,TRUE
Alloprevotella_SGB1484,-19.304735182974387,1.1896494633580204,0.214269594514588,-4.939324472699701,0.2708241557334599,0.0017195255191745063,0.007946475854758592,0.19767316310404268,-71.28143769410934,691.8475184533092,26.964103135892223,-24.987329565318646,0.00893048784533911,9.201728878787615e-4,0.023599084364061565,0.0254641146015631,0.043463423842533745,0.0024318854893938696,0.1164221495293704,0.13459603432254783,TRUE,TRUE,FALSE,FALSE,FALSE,FALSE,TRUE,TRUE
Catonella_SGB4505,NA,NA,NA,NA,NA,NA,NA,NA,NA,NA,NA,NA,1,1,1,1,1,1,1,1,FALSE,FALSE,FALSE,FALSE,TRUE,TRUE,TRUE,FALSE
Catonella_SGB69305,NA,NA,NA,NA,NA,NA,NA,NA,NA,NA,NA,NA,1,1,1,1,1,1,1,1,FALSE,FALSE,FALSE,FALSE,TRUE,TRUE,TRUE,TRUE
GGB4538_SGB6256,0.8812546645820971,0.15100051127519643,-0.11153660845990179,-0.10453354566967112,0.26161553084400063,0.0016374088155133022,0.007406750495799545,0.18245013428331258,3.3685105075339834,92.21918792947265,-15.058777600670565,-0.572943100756227,0.1837158081174285,0.006903062538214625,0.04221368196258774,0.6687749502615179,0.49436253820689846,0.015717742394704068,0.16885472785035097,1,FALSE,TRUE,FALSE,FALSE,TRUE,FALSE,TRUE,TRUE
GGB3059_SGB69431,-17.55812896692808,1.0189188408133536,0.2159340306221275,-3.619036073482928,0.2885060743749971,0.0018008827961895123,0.008495441140707558,0.21788852033151382,-60.85878435996538,565.7885360275993,25.417636005673394,-16.60957662191943,0.010459664844155786,0.0011251891279639827,0.02503346937333801,0.03828226637402552,0.048375949904220505,0.002921543700678411,0.1195146279759363,0.17348620005091228,TRUE,TRUE,FALSE,FALSE,FALSE,FALSE,TRUE,TRUE
GGB1202_SGB1567,NA,NA,NA,NA,NA,NA,NA,NA,NA,NA,NA,NA,1,1,1,1,1,1,1,1,FALSE,FALSE,FALSE,FALSE,TRUE,TRUE,TRUE,TRUE
Selenomonas_noxia,NA,NA,NA,NA,NA,NA,NA,NA,NA,NA,NA,NA,1,1,1,1,1,1,1,1,FALSE,FALSE,FALSE,FALSE,TRUE,TRUE,TRUE,TRUE
Prevotella_veroralis,NA,NA,NA,NA,NA,NA,NA,NA,NA,NA,NA,NA,1,1,1,1,1,1,1,1,FALSE,FALSE,FALSE,FALSE,TRUE,TRUE,TRUE,FALSE
GGB3886_SGB5269,NA,NA,NA,NA,NA,NA,NA,NA,NA,NA,NA,NA,1,1,1,1,1,1,1,1,FALSE,FALSE,FALSE,FALSE,TRUE,TRUE,TRUE,TRUE
GGB3883_SGB5266,-1.7072805321889897,0.1260554766745499,-0.0353827953029847,0.31241693652268865,0.2809975735510102,0.0016112758768291964,0.007808766981559184,0.20658142970617235,-6.075783895973973,78.23332955409995,-4.531162907862797,1.5123185901416678,0.001745172322444272,6.465242656727876e-9,0.006218851451641439,0.19085928493192236,0.015193264924808955,7.360430101505582e-8,0.043149242306145745,0.5649434833984902,TRUE,TRUE,TRUE,FALSE,FALSE,FALSE,FALSE,TRUE
Solobacterium_SGB6833,2.691853537785063,-0.9055290706070204,0.4528889446460377,NA,0.2564949482038529,0.001663952464022031,0.007491507498902107,NA,10.494762398383283,-544.2036898206912,60.45364630715638,NA,1,1,1,1,1,1,1,1,FALSE,FALSE,FALSE,FALSE,TRUE,TRUE,TRUE,TRUE
TM7_phylum_sp_oral_taxon_351,-1.7071313704980131,0.16285814171636548,-0.023589468432314895,-1.4496214738294553,0.30815853824249106,0.0019912417292091856,0.009851957726432263,0.3459616374464243,-5.539782802171346,81.78722820410357,-2.3943939963349257,-4.190122016213269,0.0026304706479670886,5.178226415822409e-9,0.06204945881158952,0.00857078657057337,0.020489981889427848,6.38647924618097e-8,0.1913191646690677,0.05515114836716777,TRUE,TRUE,FALSE,FALSE,FALSE,FALSE,TRUE,TRUE
Selenomonas_SGB5880,-2.1979062922591757,-0.1157147251580219,0.09788012542536505,2.8176968422233672,0.2543579683033909,0.0016499222036036232,0.007428835385325812,0.17688523723043403,-8.640996415089996,-70.13344320434467,13.175702562841517,15.929519536741575,1,1,1,1,1,1,1,1,FALSE,FALSE,FALSE,FALSE,TRUE,TRUE,TRUE,TRUE
Prevotella_sp_oral_taxon_475,-4.50377070435137,0.31106288447432806,-0.11324703195325064,NA,0.2564949482038529,0.001663952464022031,0.007491507498902107,NA,-17.558906075498754,186.94217004399323,-15.116721430212436,NA,1,1,1,1,1,1,1,1,FALSE,FALSE,FALSE,FALSE,TRUE,TRUE,TRUE,TRUE
Aggregatibacter_segnis,NA,NA,NA,NA,NA,NA,NA,NA,NA,NA,NA,NA,1,1,1,1,1,1,1,1,FALSE,FALSE,FALSE,FALSE,TRUE,TRUE,TRUE,TRUE
GGB45697_SGB2042,NA,NA,NA,NA,NA,NA,NA,NA,NA,NA,NA,NA,1,1,1,1,1,1,1,1,FALSE,FALSE,FALSE,FALSE,TRUE,TRUE,TRUE,TRUE
Granulicatella_SGB8245,NA,NA,NA,NA,NA,NA,NA,NA,NA,NA,NA,NA,1,1,1,1,1,1,1,1,FALSE,FALSE,FALSE,FALSE,TRUE,TRUE,TRUE,TRUE
GGB1144_SGB1469,NA,NA,NA,NA,NA,NA,NA,NA,NA,NA,NA,NA,1,1,1,1,1,1,1,1,FALSE,FALSE,FALSE,FALSE,TRUE,TRUE,TRUE,FALSE
Porphyromonas_sp_oral_taxon_275,107.21426219846474,-6.920051352291163,-1.4413727786511534,34.90174030984036,0.2543579683033909,0.0016499222036036232,0.007428835385325812,0.17688523723043403,421.5093512249737,-4194.16826876865,-194.024056785307,197.31290669765028,1,1,1,1,1,1,1,1,FALSE,FALSE,FALSE,FALSE,TRUE,TRUE,FALSE,TRUE
Granulicatella_SGB8239,NA,NA,NA,NA,NA,NA,NA,NA,NA,NA,NA,NA,1,1,1,1,1,1,1,1,FALSE,FALSE,FALSE,FALSE,TRUE,TRUE,TRUE,FALSE
GGB1203_SGB1568,NA,NA,NA,NA,NA,NA,NA,NA,NA,NA,NA,NA,1,1,1,1,1,1,1,1,FALSE,FALSE,FALSE,FALSE,TRUE,TRUE,TRUE,FALSE
GGB12763_SGB19797,NA,NA,NA,NA,NA,NA,NA,NA,NA,NA,NA,NA,1,1,1,1,1,1,1,1,FALSE,FALSE,FALSE,FALSE,TRUE,TRUE,TRUE,TRUE
Alloprevotella_SGB1466,17.666841300819705,-0.998747750152485,-0.3932400849722387,7.041405210518108,0.2543579683033909,0.0016499222036036232,0.007428835385325812,0.17688523723043403,69.45660644587002,-605.3302076734909,-52.93428438985286,39.80776078754975,1,1,1,1,1,1,1,1,FALSE,FALSE,FALSE,FALSE,TRUE,TRUE,TRUE,TRUE
GGB4538_SGB6253,NA,NA,NA,NA,NA,NA,NA,NA,NA,NA,NA,NA,1,1,1,1,1,1,1,1,FALSE,FALSE,FALSE,FALSE,TRUE,TRUE,FALSE,FALSE
Selenomonas_SGB5897,NA,NA,NA,NA,NA,NA,NA,NA,NA,NA,NA,NA,1,1,1,1,1,1,1,1,FALSE,FALSE,FALSE,FALSE,TRUE,TRUE,TRUE,TRUE
Moraxella_catarrhalis,-20.361336562404816,0.8746324752887934,0.6232297346047522,NA,0.2564949482038529,0.001663952464022031,0.007491507498902107,NA,-79.3829925501003,525.6354939219063,83.19149846624161,NA,1,1,1,1,1,1,1,1,FALSE,FALSE,FALSE,FALSE,TRUE,TRUE,TRUE,TRUE
GGB1844_SGB2532,NA,NA,NA,NA,NA,NA,NA,NA,NA,NA,NA,NA,1,1,1,1,1,1,1,1,FALSE,FALSE,FALSE,FALSE,TRUE,TRUE,FALSE,TRUE
GGB3385_SGB4471,NA,NA,NA,NA,NA,NA,NA,NA,NA,NA,NA,NA,1,1,1,1,1,1,1,1,FALSE,FALSE,FALSE,FALSE,TRUE,TRUE,FALSE,TRUE
