"ClinVar","Category","Species","lfc_T0","q_T0","sign_T0","lfc_T12","q_T12","sign_T12"
"ALT","only_T12","Streptococcus_constellatus",NA,NA,NA,0.255891312192827,0.0150278538272045,"+"
"ALT","only_T12","Alloprevotella_SGB1483",NA,NA,NA,0.207027895941641,0.0155249478362686,"+"
"ALT","only_T12","Streptococcus_gordonii",NA,NA,NA,0.206095673103244,0.000491502140175131,"+"
"ALT","only_T12","GGB3059_SGB69431",NA,NA,NA,0.187373015317294,0.0156438585539131,"+"
"ALT","only_T12","Alloprevotella_SGB1484",NA,NA,NA,0.155801855591939,0.0186206726039281,"+"
"ALT","only_T12","Fusobacterium_nucleatum",NA,NA,NA,0.141550508778977,7.16749867794412e-06,"+"
"ALT","only_T12","Rothia_aeria",NA,NA,NA,-0.134425032909835,0.0205002909902941,"-"
"ALT","only_T12","Prevotella_histicola",NA,NA,NA,-0.113600000795455,0.00552169833391165,"-"
"ALT","only_T12","Haemophilus_haemolyticus",NA,NA,NA,0.0876376411042554,0.0281447356002632,"+"
"ALT","only_T12","Porphyromonas_endodontalis",NA,NA,NA,0.0862070572233149,0.000180257840512866,"+"
"ALT","only_T12","Schaalia_SGB17168",NA,NA,NA,0.0846989625585703,2.38223232526529e-05,"+"
"ALT","only_T12","Veillonella_tobetsuensis",NA,NA,NA,0.076284179852708,0.00190342002635323,"+"
"ALT","only_T12","Actinomyces_oris",NA,NA,NA,-0.072180046132723,0.0150278538272045,"-"
"ALT","only_T12","Filifactor_alocis",NA,NA,NA,0.0721656272996532,0.000163670716049965,"+"
"ALT","only_T12","Alloprevotella_tannerae",NA,NA,NA,-0.0695370365235761,0.00285694575419779,"-"
"ALT","only_T12","Streptococcus_cristatus",NA,NA,NA,0.0669146920640853,7.16749867794412e-06,"+"
"ALT","only_T12","Tannerella_serpentiformis",NA,NA,NA,0.0667775492607572,2.50928727599742e-05,"+"
"ALT","only_T12","Oribacterium_parvum",NA,NA,NA,0.0638760826377317,0.000180257840512866,"+"
"ALT","only_T12","Streptococcus_sanguinis",NA,NA,NA,0.0492495680002646,0.0261101027585759,"+"
"ALT","only_T12","Veillonella_parvula",NA,NA,NA,0.0487255668207778,0.00439703697656347,"+"
"ALT","only_T12","Peptostreptococcus_SGB749",NA,NA,NA,0.0480122604956858,0.00190342002635323,"+"
"ALT","only_T12","Streptococcus_australis",NA,NA,NA,-0.0465175409935303,9.77950693120632e-06,"-"
"ALT","only_T12","Eubacterium_sulci",NA,NA,NA,0.044683492054344,7.16749867794412e-06,"+"
"ALT","only_T12","Streptococcus_infantis",NA,NA,NA,-0.0437083694482151,0.0142256411965825,"-"
"ALT","only_T12","Haemophilus_parainfluenzae",NA,NA,NA,0.0409246950310071,0.00552169833391165,"+"
"ALT","only_T12","Oribacterium_asaccharolyticum",NA,NA,NA,0.0406698129432943,0.00675486132716739,"+"
"ALT","only_T12","Parvimonas_micra",NA,NA,NA,-0.0400303565875621,7.16749867794412e-06,"-"
"ALT","only_T12","Oribacterium_sinus",NA,NA,NA,0.0391495256176562,0.00917170585898522,"+"
"ALT","only_T12","Veillonella_atypica",NA,NA,NA,-0.0372834020731163,0.00917170585898522,"-"
"ALT","only_T12","Leptotrichia_sp_oral_taxon_215",NA,NA,NA,0.0371113915584949,0.000180257840512866,"+"
"ALT","only_T12","Prevotella_oris",NA,NA,NA,0.0358063211453363,0.0150278538272045,"+"
"ALT","only_T12","Actinomyces_sp_ICM47",NA,NA,NA,-0.0319681250515125,5.87130002910878e-05,"-"
"ALT","only_T12","TM7_phylum_sp_oral_taxon_351",NA,NA,NA,0.0302856191339936,5.87130002910878e-05,"+"
"ALT","only_T12","Gemella_sanguinis",NA,NA,NA,-0.0293846353518441,0.0274327457602,"-"
"ALT","only_T12","Granulicatella_SGB8255",NA,NA,NA,-0.025814905058243,0.0380701240284931,"-"
"ALT","only_T12","Mogibacterium_diversum",NA,NA,NA,0.0249863655625888,7.16749867794412e-06,"+"
"ALT","only_T12","Schaalia_odontolytica",NA,NA,NA,0.0231405908056162,0.00813059883689064,"+"
"ALT","only_T12","Capnocytophaga_gingivalis",NA,NA,NA,0.0220170510811388,0.0150278538272045,"+"
"ALT","only_T12","Treponema_vincentii",NA,NA,NA,-0.021861329261669,0.0150278538272045,"-"
"ALT","only_T12","Veillonella_rogosae",NA,NA,NA,0.0217448563620126,7.16749867794412e-06,"+"
"ALT","only_T12","Lancefieldella_parvula",NA,NA,NA,0.0191696422345149,4.92536468288e-05,"+"
"ALT","only_T12","Veillonella_dispar",NA,NA,NA,0.0178841370707448,4.69918371820419e-05,"+"
"ALT","only_T12","Capnocytophaga_leadbetteri",NA,NA,NA,0.0165235594802003,0.0205002909902941,"+"
"ALT","only_T12","Fusobacterium_periodonticum",NA,NA,NA,0.0151706350806974,9.38135770023908e-05,"+"
"ALT","only_T12","Solobacterium_SGB6829",NA,NA,NA,-0.0149911003899504,0.000150474804550756,"-"
"ALT","only_T12","Neisseria_subflava",NA,NA,NA,-0.0145563001062816,0.000187343381583569,"-"
"ALT","only_T12","Lachnoanaerobaculum_orale",NA,NA,NA,-0.0145452396987221,0.0262702873142044,"-"
"ALT","only_T12","Prevotella_salivae",NA,NA,NA,-0.0140176731062979,0.00347288098194807,"-"
"ALT","only_T12","GGB1144_SGB1468",NA,NA,NA,-0.0125690233638048,0.0307941694775864,"-"
"ALT","only_T12","GGB3883_SGB5266",NA,NA,NA,-0.0112216460993752,0.00263816850153667,"-"
"ALT","only_T12","Prevotella_pallens",NA,NA,NA,0.00631890113138927,0.0133472466059168,"+"
"ALT","only_T12","TM7_phylum_sp_oral_taxon_352",NA,NA,NA,-0.00615537124156095,0.0281447356002632,"-"
"ALT","only_T12","Catonella_massiliensis",NA,NA,NA,0.00447625291160935,0.0380701240284931,"+"
"AST","only_T0","Staphylococcus_aureus",0.237873703987828,0.027502831449536,"+",NA,NA,NA
"AST","only_T12","Lachnoanaerobaculum_sp_ICM7",NA,NA,NA,0.30823959340982,0.0118645904086913,"+"
"AST","only_T12","Streptococcus_gordonii",NA,NA,NA,-0.279462331910852,0.0128413108992683,"-"
"AST","only_T12","Prevotella_histicola",NA,NA,NA,-0.275833710343727,0.00378047960684683,"-"
"AST","only_T12","Schaalia_SGB17168",NA,NA,NA,0.258943743781329,0.00149333521288056,"+"
"AST","only_T12","Peptostreptococcus_SGB749",NA,NA,NA,0.163533694497917,0.00149333521288056,"+"
"AST","only_T12","Veillonella_tobetsuensis",NA,NA,NA,0.145743994567182,0.0319015855387168,"+"
"AST","only_T12","Porphyromonas_endodontalis",NA,NA,NA,0.142759024337933,0.0121053055928334,"+"
"AST","only_T12","Rothia_SGB49305",NA,NA,NA,0.131394218637738,0.00206000488786193,"+"
"AST","only_T12","Leptotrichia_sp_oral_taxon_215",NA,NA,NA,0.118465042512072,0.00509206820376409,"+"
"AST","only_T12","Capnocytophaga_gingivalis",NA,NA,NA,0.108606190840139,0.0460536577767087,"+"
"AST","only_T12","Fusobacterium_nucleatum",NA,NA,NA,0.0998136987543952,0.0112001050589621,"+"
"AST","only_T12","TM7_phylum_sp_oral_taxon_351",NA,NA,NA,0.0856338251971442,0.00861209521520126,"+"
"AST","only_T12","Streptococcus_cristatus",NA,NA,NA,0.0803542657847189,0.00861209521520126,"+"
"AST","only_T12","Veillonella_atypica",NA,NA,NA,-0.0763865855349036,0.00179843429521511,"-"
"AST","only_T12","Veillonella_parvula",NA,NA,NA,0.0720823629711466,0.0128413108992683,"+"
"AST","only_T12","Schaalia_odontolytica",NA,NA,NA,0.0718046303307052,0.0468399488611303,"+"
"AST","only_T12","Actinomyces_oris",NA,NA,NA,-0.0708602852103995,0.0471561677152844,"-"
"AST","only_T12","Fusobacterium_periodonticum",NA,NA,NA,0.0704997208524284,0.00257354446912894,"+"
"AST","only_T12","Filifactor_alocis",NA,NA,NA,0.0655233437191375,0.0445349798836322,"+"
"AST","only_T12","Oribacterium_parvum",NA,NA,NA,0.0592366562049827,0.0471561677152844,"+"
"AST","only_T12","Streptococcus_australis",NA,NA,NA,-0.0562523223638109,0.0150731966108228,"-"
"AST","only_T12","Prevotella_salivae",NA,NA,NA,0.0516952598530214,0.0393129568141797,"+"
"AST","only_T12","Prevotella_nanceiensis",NA,NA,NA,-0.0506973487867939,0.0135681905332927,"-"
"AST","only_T12","Mogibacterium_diversum",NA,NA,NA,0.0446085584799858,0.0150731966108228,"+"
"AST","only_T12","Porphyromonas_bobii",NA,NA,NA,0.0401320562998813,0.0460536577767087,"+"
"AST","only_T12","Eubacterium_sulci",NA,NA,NA,0.0376683291893335,0.0460536577767087,"+"
"Calprotectin","only_T0","Staphylococcus_aureus",-0.0426034432112309,0.0474906702949449,"-",NA,NA,NA
"Elastase","only_T0","Staphylococcus_aureus",-0.263948548430929,1.4333735876606e-06,"-",NA,NA,NA
"Elastase","only_T0","Lautropia_mirabilis",0.0694892152021522,0.0284353025212007,"+",NA,NA,NA
"Elastase","only_T0","GGB3883_SGB5266",0.0227677849131868,0.0055937144318144,"+",NA,NA,NA
"Elastase","only_T0","Porphyromonas_bobii",-0.0195412981804557,8.61129359294542e-05,"-",NA,NA,NA
"Elastase","only_T0","Actinomyces_oris",0.00838779790821382,0.0256206210206391,"+",NA,NA,NA
"Elastase","only_T0","Granulicatella_adiacens",-0.00838499286065826,0.0254934161146769,"-",NA,NA,NA
"Elastase","only_T0","Streptococcus_salivarius",-0.00800155386180569,0.0284353025212007,"-",NA,NA,NA
"Elastase","only_T0","Veillonella_parvula",-0.00773026605005362,0.0321382176240007,"-",NA,NA,NA
"Elastase","only_T0","Gemella_haemolysans",0.00689271798855896,0.0254934161146769,"+",NA,NA,NA
"Elastase","only_T0","Streptococcus_sanguinis",-0.00679952326185355,0.0281465105684941,"-",NA,NA,NA
"Elastase","only_T0","Streptococcus_mitis",-0.00403383370357222,0.0182306151599897,"-",NA,NA,NA
"GGT","common_same","Streptococcus_salivarius",0.275668538783259,3.3185728444559e-07,"+",0.0482444666660831,8.38408625899275e-08,"+"
"GGT","common_same","Veillonella_dispar",-0.0978380859225293,2.94220284062123e-07,"-",-0.209275084098951,3.68815246320179e-12,"-"
"GGT","common_same","Prevotella_nanceiensis",0.0628433679726471,2.19059873806256e-05,"+",0.0138245100187358,0.000839492062782935,"+"
"GGT","common_same","Solobacterium_SGB6829",-0.0377209391648223,9.11785664099048e-05,"-",-0.0987814850393806,2.6458971668653e-09,"-"
"GGT","common_same","Tannerella_serpentiformis",0.0323481260212752,0.0274922897794204,"+",0.022577187176409,0.000990465605521248,"+"
"GGT","common_same","Neisseria_subflava",0.031132735785526,0.00184657838801944,"+",0.0227528352328318,7.16485709974545e-06,"+"
"GGT","common_same","Porphyromonas_bobii",0.0291096253728669,2.94220284062123e-07,"+",0.0842316161168939,5.58992682034613e-12,"+"
"GGT","common_same","Veillonella_atypica",-0.028797763773606,2.94220284062123e-07,"-",-0.217860067947814,3.68815246320179e-12,"-"
"GGT","common_same","Peptostreptococcus_SGB749",0.0226729870846802,0.00294720029978941,"+",0.0620189005607028,1.62801304510716e-07,"+"
"GGT","common_same","Catonella_massiliensis",0.0148148130914343,0.00897224923602849,"+",0.0192341371579214,8.5948393195179e-05,"+"
"GGT","common_same","Streptococcus_infantis",-0.0112388337237577,0.000506104102289202,"-",-0.138086443057052,9.4666575379173e-07,"-"
"GGT","common_same","Prevotella_pallens",-0.00998702640272515,0.0207085100824173,"-",-0.0734771080706248,7.39455333774893e-10,"-"
"GGT","common_same","Gemella_sanguinis",0.00995128800697332,3.89890386308364e-05,"+",0.0254343503427556,7.37456058859485e-07,"+"
"GGT","common_same","Oribacterium_sinus",-0.00667665608435197,4.69887225522223e-05,"-",-0.0512658954620532,2.53415090287636e-07,"-"
"GGT","common_same","Streptococcus_parasanguinis",-0.00593145670397805,2.60414761029743e-05,"-",-0.129581460091393,4.51491626602639e-10,"-"
"GGT","common_same","Granulicatella_SGB8255",0.00574052464306187,6.88409947411678e-06,"+",0.0219954250157827,7.16485709974545e-06,"+"
"GGT","common_same","Veillonella_parvula",0.00352927019186007,0.0206075688092711,"+",0.033370789528059,3.70772874192336e-06,"+"
"GGT","common_flip","Lachnoanaerobaculum_orale",1.24691072060056,0.00184657838801944,"+",-0.0429670956739772,0.0037355760381387,"-"
"GGT","common_flip","Fusobacterium_nucleatum",-0.615843685070345,5.13386875027594e-10,"-",0.0122155437087232,0.019369364605818,"+"
"GGT","common_flip","Prevotella_histicola",0.140034818428513,0.00857714096166394,"+",-0.249081937798917,6.35046195905603e-06,"-"
"GGT","common_flip","Gemella_haemolysans",-0.0380564499305966,8.3843766479222e-05,"-",0.0410037184078295,5.42146244908873e-05,"+"
"GGT","common_flip","Mogibacterium_diversum",0.017438688752574,0.000549757117758837,"+",-0.0266095708626404,4.52264566380453e-06,"-"
"GGT","common_flip","Streptococcus_sanguinis",-0.0155721860333427,0.00133048918789933,"-",0.0746556761963116,0.000127750671727759,"+"
"GGT","common_flip","Prevotella_salivae",0.014390292908474,0.000990771988100745,"+",-0.228953464702504,1.62801304510716e-07,"-"
"GGT","common_flip","GGB3883_SGB5266",-0.0106109406363384,0.00876910632597711,"-",0.12605547667455,7.36043010150558e-08,"+"
"GGT","common_flip","Streptococcus_mitis",-0.00732875505333839,1.68818358866213e-05,"-",0.0566399308268209,1.20312508240196e-11,"+"
"GGT","common_flip","Rothia_mucilaginosa",-0.00594973860244649,4.45340825842087e-06,"-",0.0586015903138184,1.72846742981698e-10,"+"
"GGT","common_flip","Streptococcus_australis",0.00439170440960078,0.0240154484648094,"+",-0.0833311315466671,7.37456058859485e-07,"-"
"GGT","common_flip","Pseudomonas_aeruginosa",-0.00365004965622118,0.0274922897794204,"-",0.0302004316885883,0.00889536745702043,"+"
"GGT","common_flip","Rothia_SGB49305",-0.0026748649550152,0.00876910632597711,"-",0.179309236178441,3.21070867467544e-08,"+"
"GGT","only_T0","Schaalia_meyeri",-0.406528259908199,0.00380314204549931,"-",NA,NA,NA
"GGT","only_T0","Lautropia_mirabilis",0.368688520833603,0.00441816720207297,"+",NA,NA,NA
"GGT","only_T0","GGB3883_SGB5265",0.366740580630323,0.00380314204549931,"+",NA,NA,NA
"GGT","only_T0","Neisseria_sicca",0.216639910911085,0.00612924757812816,"+",NA,NA,NA
"GGT","only_T0","Cutibacterium_acnes",0.171278613247099,0.00785497630593415,"+",NA,NA,NA
"GGT","only_T0","Staphylococcus_aureus",0.164067194138605,6.05553719990467e-08,"+",NA,NA,NA
"GGT","only_T0","Metamycoplasma_salivarium",0.134341671745838,0.00876910632597711,"+",NA,NA,NA
"GGT","only_T0","Granulicatella_adiacens",-0.0191880092182766,0.00380314204549931,"-",NA,NA,NA
"GGT","only_T0","Abiotrophia_defectiva",-0.00741659580717239,0.00458054864530446,"-",NA,NA,NA
"GGT","only_T0","Actinomyces_sp_ph3",0.00277816751365093,0.0130334046374113,"+",NA,NA,NA
"GGT","only_T12","Alloprevotella_SGB1483",NA,NA,NA,1.96641736288204,0.0015408742943784,"+"
"GGT","only_T12","Alloprevotella_SGB1484",NA,NA,NA,1.18964946335802,0.00243188548939387,"+"
"GGT","only_T12","GGB3059_SGB69431",NA,NA,NA,1.01891884081335,0.00292154370067841,"+"
"GGT","only_T12","Alloprevotella_tannerae",NA,NA,NA,-0.600722961850994,3.68767687997012e-05,"-"
"GGT","only_T12","Haemophilus_haemolyticus",NA,NA,NA,0.420095682573212,0.00615501772836617,"+"
"GGT","only_T12","Rothia_aeria",NA,NA,NA,-0.396955328762847,0.00645842500166483,"-"
"GGT","only_T12","Schaalia_SGB17168",NA,NA,NA,0.299838945858716,1.18359288299702e-07,"+"
"GGT","only_T12","Porphyromonas_endodontalis",NA,NA,NA,-0.298234105641126,4.80112710039537e-06,"-"
"GGT","only_T12","Streptococcus_constellatus",NA,NA,NA,-0.256888987023971,0.010596487390277,"-"
"GGT","only_T12","Streptococcus_gordonii",NA,NA,NA,0.228006705552328,0.000252633276154397,"+"
"GGT","only_T12","Oribacterium_asaccharolyticum",NA,NA,NA,0.212583615451955,0.000271386253236888,"+"
"GGT","only_T12","TM7_phylum_sp_oral_taxon_351",NA,NA,NA,0.162858141716365,6.38647924618097e-08,"+"
"GGT","only_T12","Haemophilus_parainfluenzae",NA,NA,NA,0.155275088789585,0.000389205102088152,"+"
"GGT","only_T12","Oribacterium_parvum",NA,NA,NA,0.155051312621538,1.13045507643735e-05,"+"
"GGT","only_T12","Lancefieldella_parvula",NA,NA,NA,-0.15228085430996,1.20312508240196e-11,"-"
"GGT","only_T12","GGB4538_SGB6256",NA,NA,NA,0.151000511275196,0.0157177423947041,"+"
"GGT","only_T12","GGB1144_SGB1468",NA,NA,NA,-0.131370098169358,0.000480995987349247,"-"
"GGT","only_T12","Lachnoanaerobaculum_sp_ICM7",NA,NA,NA,0.108544876755024,0.000680354055107373,"+"
"GGT","only_T12","Filifactor_alocis",NA,NA,NA,0.105893021107257,4.11173061397245e-05,"+"
"GGT","only_T12","Prevotella_vespertina",NA,NA,NA,-0.102426035469018,0.0236891776913739,"-"
"GGT","only_T12","Capnocytophaga_gingivalis",NA,NA,NA,0.0886011650711613,0.00107564113719371,"+"
"GGT","only_T12","Streptococcus_cristatus",NA,NA,NA,0.0807323982853413,1.30817144391798e-06,"+"
"GGT","only_T12","Eubacterium_brachy",NA,NA,NA,0.0805659988618889,0.0281988186421217,"+"
"GGT","only_T12","Veillonella_tobetsuensis",NA,NA,NA,0.0715232862374576,0.0015408742943784,"+"
"GGT","only_T12","Campylobacter_concisus",NA,NA,NA,-0.0535699808718125,1.69873561269119e-06,"-"
"GGT","only_T12","Streptococcus_oralis",NA,NA,NA,0.0532495023956884,5.10118024846904e-07,"+"
"GGT","only_T12","Actinomyces_oris",NA,NA,NA,0.0503574854516148,0.000396610427332247,"+"
"GGT","only_T12","TM7_phylum_sp_oral_taxon_352",NA,NA,NA,0.0473469416346151,8.27848224649052e-08,"+"
"GGT","only_T12","Schaalia_odontolytica",NA,NA,NA,0.0458557051862862,0.00102966393475929,"+"
"GGT","only_T12","Veillonella_rogosae",NA,NA,NA,0.0364762742498566,1.26790890391316e-07,"+"
"GGT","only_T12","Prevotella_melaninogenica",NA,NA,NA,0.0362468707584447,1.43494097099569e-09,"+"
"GGT","only_T12","Parvimonas_micra",NA,NA,NA,0.0290625547259807,2.4540656480728e-05,"+"
"GGT","only_T12","Leptotrichia_sp_oral_taxon_215",NA,NA,NA,-0.0274513086790049,0.000531912961607337,"-"
"GGT","only_T12","Actinomyces_sp_ICM47",NA,NA,NA,0.0245158354087334,0.000271386253236888,"+"
"GGT","only_T12","Capnocytophaga_leadbetteri",NA,NA,NA,0.0240997030037718,0.010596487390277,"+"
"GGT","only_T12","Eubacterium_sulci",NA,NA,NA,0.0225258314867085,4.11173061397245e-05,"+"
"GGT","only_T12","Actinomyces_graevenitzii",NA,NA,NA,0.0190443070987874,3.54242241554335e-05,"+"
"GGT","only_T12","Fusobacterium_periodonticum",NA,NA,NA,-0.00866478314929148,0.00329150994450979,"-"
