taxon,lfc_(Intercept),lfc_AST,lfc_Age,lfc_Sexmale,se_(Intercept),se_AST,se_Age,se_Sexmale,W_(Intercept),W_AST,W_Age,W_Sexmale,p_(Intercept),p_AST,p_Age,p_Sexmale,q_(Intercept),q_AST,q_Age,q_Sexmale,diff_(Intercept),diff_AST,diff_Age,diff_Sexmale,passed_ss_(Intercept),passed_ss_AST,passed_ss_Age,passed_ss_Sexmale
Cutibacterium_acnes,569.5858416256136,-19.953565395471728,1.227170809621514,NA,0.4456556745164948,0.00934862659279467,0.005225088516361056,NA,1278.0850198835108,-2134.384681793866,234.8612479537784,NA,1,1,1,1,1,1,1,1,FALSE,FALSE,FALSE,FALSE,TRUE,TRUE,TRUE,TRUE
Streptococcus_mitis,-0.38269783012232444,0.028262256814133604,-0.008729618623941986,-0.546224350197272,0.7193303365067314,0.016315034291135105,0.013089100467207071,0.49219135296129113,-0.5320195891929316,1.7322830163765033,-0.6669380104318733,-1.1097804683298254,0.6025039695707736,0.10372854537554094,0.5149407867719453,0.284568808908879,1,0.31330254521591955,1,0.7520747092591802,FALSE,FALSE,FALSE,FALSE,TRUE,TRUE,TRUE,TRUE
Streptococcus_sanguinis,-0.4157696239856631,0.03566375849769194,0.0033977221465948146,-0.7825230924654315,0.45867787507033325,0.010613627084499266,0.006112605626826436,0.2314951623700837,-0.906452319990166,3.360185751181826,0.5558549584293819,-3.380299978858468,0.43151924193107727,0.043727304109305726,0.6170751850421348,0.04308182435970936,1,0.15408669067088684,1,0.18217457157819958,FALSE,FALSE,FALSE,FALSE,TRUE,TRUE,TRUE,TRUE
Actinomyces_sp_ICM47,-0.7571474424104818,-0.037209179398521114,-0.00415565802855925,2.4236185798777674,0.4652404793639286,0.010618262792445024,0.007173687496947958,0.27386316026420104,-1.6274324268723244,-3.5042624321744733,-0.5792917562031065,8.849742979448774,0.16457393607448806,0.017205828998998595,0.5875106733282409,3.0619608498122497e-4,0.5535668758869144,0.08214395780167072,1,0.009063404115444259,FALSE,FALSE,FALSE,TRUE,TRUE,TRUE,TRUE,FALSE
Lancefieldella_parvula,-1.5967253430536412,0.015218324676740218,-7.187980036402276e-4,1.8271655985595656,0.544109559301493,0.011049654336959432,0.010055640628724223,0.35501382851263574,-2.93456587144592,1.3772670359322654,-0.0714820696343265,5.146744864037128,0.018865851346148446,0.20573265918924724,0.9447688173674622,8.778258417464094e-4,0.1163394166345821,0.5511814345576336,1,0.014435358286496508,FALSE,FALSE,FALSE,TRUE,TRUE,TRUE,TRUE,FALSE
Schaalia_odontolytica,-2.8416417766548068,0.07180463033070518,0.03832236739068657,0.5773688242167979,0.47312178154654944,0.01115179789219941,0.0059893382471421985,0.3471976177041061,-6.006152934591163,6.438838923088081,6.398430980078978,1.6629400513596027,0.009246001848806683,0.007595667382885997,0.007732518580051488,0.1949114942145523,0.08552551710146182,0.04683994886113031,0.07152579686547626,0.5769380228750748,FALSE,TRUE,FALSE,FALSE,TRUE,FALSE,TRUE,TRUE
Streptococcus_salivarius,-0.22699644302919797,-0.010803174648664935,0.02889170992632562,-0.2222259458191673,0.5248076905202315,0.011559278752850202,0.009515508004219136,0.2882541960481288,-0.43253261552661487,-0.9345889894731683,3.0362761413804873,-0.7709374186596853,0.6767775834099149,0.3773474730039599,0.016154487392974475,0.46290293272671523,1,0.9155315738456732,0.08701790099705183,1,FALSE,FALSE,FALSE,FALSE,TRUE,TRUE,TRUE,TRUE
Actinomyces_graevenitzii,0.008095267902563725,-0.02696811190665198,0.03565666672466988,0.18873015734006018,0.6674603350088808,0.018509246278580256,0.013724162734154806,0.38235967735804094,0.01212846288829435,-1.4570075680423955,2.598094136258854,0.4935932539856539,0.990561681345703,0.17578713054208733,0.026578271935837967,0.632253746505505,1,0.4817869503746098,0.10450600700289914,1,FALSE,FALSE,FALSE,FALSE,TRUE,TRUE,TRUE,TRUE
Solobacterium_moorei,NA,NA,NA,NA,NA,NA,NA,NA,NA,NA,NA,NA,1,1,1,1,1,1,1,1,FALSE,FALSE,FALSE,FALSE,TRUE,TRUE,TRUE,TRUE
Gemella_sanguinis,-0.3469407516843433,-0.0022925253437051326,0.020621635648879193,-0.3037200835214165,0.5024187140183082,0.012012930296100649,0.008567272477402785,0.2606147000802245,-0.690541060681312,-0.19083814583101988,2.407024604770217,-1.1653988951042398,0.505565371961787,0.8524711608042657,0.03687038988738658,0.2709026691755441,1,1,0.13309311471544424,0.7289744552360097,FALSE,FALSE,FALSE,FALSE,TRUE,TRUE,TRUE,TRUE
Streptococcus_australis,1.510296919908396,-0.05625232236381094,0.06599942173862894,-1.00675171297561,0.4561527583214199,0.00913541965019074,0.00783933224402674,0.23855264832896042,3.310945494369218,-6.15760682243387,8.419010661133527,-4.220249576048785,0.021218353868596225,0.0016433773929321837,3.8769757861075875e-4,0.008325809551155234,0.12561265490208964,0.015073196610822832,0.019126413878130764,0.0508086997386625,FALSE,TRUE,TRUE,FALSE,TRUE,FALSE,FALSE,TRUE
Schaalia_SGB17157,NA,NA,NA,NA,NA,NA,NA,NA,NA,NA,NA,NA,1,1,1,1,1,1,1,1,FALSE,FALSE,FALSE,FALSE,TRUE,TRUE,TRUE,TRUE
Actinomyces_sp_ph3,NA,NA,NA,NA,NA,NA,NA,NA,NA,NA,NA,NA,1,1,1,1,1,1,1,1,FALSE,FALSE,FALSE,FALSE,TRUE,TRUE,TRUE,TRUE
Veillonella_dispar,-0.3009982641415384,0.004926560627233057,-0.014617865289675017,1.0539767636354316,0.5016850060296234,0.008992965947466874,0.010415673326737755,0.29775517995458306,-0.5999746066235138,0.5478237831669721,-1.4034489015846863,3.539742830993556,0.5651261681796622,0.5987608030062967,0.19808654616292518,0.007622720311056274,1,1,0.5470500833139826,0.05036398929615236,FALSE,FALSE,FALSE,FALSE,TRUE,TRUE,FALSE,TRUE
Actinomyces_oris,3.786048028523183,-0.0708602852103995,0.05907913044869144,-3.6239088015070093,0.4791656463915848,0.011347464200267741,0.008768351461714384,0.2627385269984518,7.901334448816351,-6.244592092101737,6.737769432104893,-13.79283366968242,0.004225486228534492,0.008284191625658062,0.006675934862975498,8.248072483023782e-4,0.047492963590298094,0.04715616771528435,0.07123317136538171,0.014435358286496508,TRUE,TRUE,FALSE,TRUE,FALSE,FALSE,TRUE,FALSE
Streptococcus_parasanguinis,-1.0645650133198792,0.013447804500040648,0.030229929208748337,-0.1843327322205727,0.5215817369440692,0.010261316346584745,0.008562897413310521,0.29934991801427635,-2.0410319954013953,1.3105340529255252,3.5303388268739138,-0.6157767920677422,0.08059004291024567,0.23137431503986505,0.009593455772635139,0.5575249894788965,0.3336706911147495,0.5904034245844832,0.07472797128157897,1,FALSE,FALSE,FALSE,FALSE,TRUE,TRUE,TRUE,TRUE
Abiotrophia_defectiva,NA,NA,NA,NA,NA,NA,NA,NA,NA,NA,NA,NA,1,1,1,1,1,1,1,1,FALSE,FALSE,FALSE,FALSE,TRUE,TRUE,TRUE,TRUE
Abiotrophia_sp_HMSC24B09,NA,NA,NA,NA,NA,NA,NA,NA,NA,NA,NA,NA,1,1,1,1,1,1,1,1,FALSE,FALSE,FALSE,FALSE,TRUE,TRUE,TRUE,TRUE
Mogibacterium_diversum,-2.1000970267370835,0.04460855847998583,0.02775119559395666,0.3111677946974999,0.4853670774343727,0.009675284310570091,0.007197476349647549,0.30191309333074723,-4.326822160740891,4.6105682322173935,3.855684165647255,1.0306535276912092,0.0025227604667754488,0.001731380691783704,0.004838404752807171,0.3328529084237672,0.03937517227789662,0.015073196610822832,0.07123317136538171,0.8493488008054749,TRUE,TRUE,FALSE,FALSE,FALSE,FALSE,TRUE,TRUE
Actinomyces_SGB17132,NA,NA,NA,NA,NA,NA,NA,NA,NA,NA,NA,NA,1,1,1,1,1,1,1,1,FALSE,FALSE,FALSE,FALSE,TRUE,TRUE,TRUE,FALSE
Schaalia_SGB17158,NA,NA,NA,NA,NA,NA,NA,NA,NA,NA,NA,NA,1,1,1,1,1,1,1,1,FALSE,FALSE,FALSE,FALSE,TRUE,TRUE,TRUE,TRUE
Streptococcus_rubneri,-15.906577536550643,-0.9253706792657768,0.7123147556114635,37.81564039482721,0.4417934515690946,0.009266901486796117,0.005181607217852961,0.1738410234600995,-36.004557061803624,-99.85761482241773,137.46984780267013,217.53001473502468,1,1,1,1,1,1,1,1,FALSE,FALSE,FALSE,FALSE,TRUE,TRUE,TRUE,TRUE
Rothia_aeria,10.883055625344761,-0.1475671750555323,-0.17033124653420903,-3.2887537691926587,0.4461978327467485,0.009532260910572373,0.0053372736497701466,0.22018202642257306,24.390651022103306,-15.480815772873289,-31.913530710861053,-14.936522397522523,0.02608636496630904,0.04106608639953583,0.019941746442414258,0.04255817596332519,0.1368858496274866,0.14823855578369033,0.09520575720894549,0.18217457157819958,FALSE,FALSE,FALSE,FALSE,TRUE,TRUE,TRUE,TRUE
Scardovia_wiggsiae,-26.248619241984656,0.8101444112055004,0.264176472281617,NA,0.44454412760037865,0.009419823096422716,0.0053018206112265525,NA,-59.04615000466446,86.0042065453609,49.8275010893854,NA,1,1,1,1,1,1,1,1,FALSE,FALSE,FALSE,FALSE,TRUE,TRUE,TRUE,TRUE
Granulicatella_SGB8255,0.2529684543449878,-0.01710369950202969,0.015971729242123638,0.04517232901130531,0.5094905203020382,0.011400665576019802,0.010041430435632234,0.36758457162031594,0.4965125831880484,-1.500236928097046,1.5905830692654714,0.12288962186901724,0.6293054198802011,0.1616975260628036,0.14001070121648107,0.9044110436600862,1,0.4515327142885836,0.4228894648987591,1,FALSE,FALSE,FALSE,FALSE,TRUE,TRUE,TRUE,TRUE
Granulicatella_adiacens,-1.084986938073789,0.1561756166600479,-0.15184315089368117,0.5865665465757406,0.443335398702055,0.009413420649550482,0.005530765219296848,0.21424785602217403,-2.447327556631583,16.590740228686766,-27.45427528977368,2.7377942419878063,0.24694850480933633,0.038325625486484445,0.02317811890263431,0.22294558286874888,0.7699817405842212,0.14180829634595732,0.10089298816440816,0.6345374281649007,FALSE,FALSE,FALSE,FALSE,TRUE,TRUE,TRUE,TRUE
Actinomyces_naeslundii,-12.684013342391596,0.4404083083385953,-0.0033341512352069824,NA,0.4456556745164948,0.00934862659279467,0.005225088516361056,NA,-28.461464910444285,47.109412700046676,-0.6381042588593329,NA,1,1,1,1,1,1,1,1,FALSE,FALSE,FALSE,FALSE,TRUE,TRUE,TRUE,TRUE
Gemella_haemolysans,0.38896177091497225,0.04446946726962707,-0.0035074651038094814,-2.4398894648580787,0.7148944596893434,0.019526788023892877,0.014542741254098419,0.3609044402331403,0.5440827882258245,2.277356993644549,-0.2411832159099311,-6.760486136668025,0.6097582807062318,0.07177497210866161,0.8189914141144529,0.0010755661935364024,1,0.23092817113221564,1,0.0155355271624097,FALSE,FALSE,FALSE,TRUE,TRUE,TRUE,TRUE,FALSE
Rothia_mucilaginosa,-0.07559385701833889,-0.015918058963230595,0.012079244377980084,0.5640978501918859,0.6088316169929422,0.01679325174004688,0.01205983418223789,0.5240728252630799,-0.12416217375783098,-0.947884257893353,1.0016094910965512,1.0763730210752938,0.9029519519593807,0.35926401938763786,0.3335306559191853,0.2999599435582806,1,0.8861845811561734,0.8337171227478203,0.7788433622215005,FALSE,FALSE,FALSE,FALSE,TRUE,TRUE,TRUE,TRUE
Parvimonas_micra,-0.899046169041013,-0.019489687548229006,-0.02393407085209326,2.7551961273348,0.4497252124559197,0.00958477537968529,0.005690307689896293,0.22788928839746259,-1.9991011047198828,-2.033400552039743,-4.206111893490501,12.090064200514117,0.09254150753545769,0.08824720590709688,0.005647419570172711,1.9446795722524198e-5,0.34240357788119347,0.27788481860107106,0.07123317136538171,9.747157068426644e-4,FALSE,FALSE,FALSE,TRUE,TRUE,TRUE,TRUE,TRUE
Streptococcus_infantis,2.402519249118969,-0.026319436291168914,0.04915229259686082,-2.80847399199917,0.5656697831830277,0.01520321183095354,0.0096007524750724,0.26503178111552256,4.247211572094193,-1.7311760556794247,5.119629187866356,-10.596744209989696,0.013187382768115269,0.15846444987465017,0.006887906245486196,4.4885666699866856e-4,0.10272277103584525,0.4515327142885836,0.07123317136538171,0.010407151589292528,FALSE,FALSE,FALSE,TRUE,TRUE,TRUE,TRUE,FALSE
Veillonella_atypica,1.8837144340709608,-0.07638658553490357,0.023731464855447526,-0.5670032664182882,0.45349963013647193,0.009312382028850279,0.00787565902222451,0.26296708806029834,4.153728710879198,-8.202690278196672,3.0132671803691777,-2.156175780781641,0.0031925815360456717,3.6454749227333264e-5,0.016730095805558183,0.06316463683362346,0.03937517227789662,0.0017984342952151078,0.08701790099705183,0.23970169875323774,TRUE,TRUE,FALSE,FALSE,FALSE,FALSE,FALSE,TRUE
Veillonella_parvula,1.5968895925067246,0.07208236297114662,-0.04243771094149174,-3.2744853839975017,0.5944734585571883,0.014752101714085265,0.009489624128282999,0.3228066638617447,2.6862252124467285,4.886243626040253,-4.472011785483667,-10.14379735791308,0.027657911939496183,0.001214718598579433,0.002077679809290438,7.629181145234924e-6,0.1368858496274866,0.012841310899268292,0.043928087396426396,9.747157068426644e-4,FALSE,TRUE,TRUE,TRUE,TRUE,FALSE,FALSE,FALSE
Megasphaera_micronuciformis,NA,NA,NA,NA,NA,NA,NA,NA,NA,NA,NA,NA,1,1,1,1,1,1,1,1,FALSE,FALSE,FALSE,FALSE,TRUE,TRUE,TRUE,TRUE
Streptococcus_gordonii,8.222059012372753,-0.27946233191085207,-0.007669468463121452,-1.383739658707202,0.442467564295635,0.009612119123478714,0.005312018904993098,0.2243028197379074,18.582286422421642,-29.073956358721457,-1.4437954006361764,-6.169069387197492,0.00288350096609398,0.0011809238619224268,0.28561257219305447,0.0252838010450831,0.03937517227789662,0.012841310899268292,0.7415905383258257,0.12903457085076891,TRUE,TRUE,FALSE,FALSE,FALSE,FALSE,TRUE,TRUE
Veillonella_rogosae,0.7563113772509762,-0.0032994071271705496,-0.023784403700580783,0.29435754001671105,0.43532633461480236,0.008991810831661593,0.006898563632087531,0.21807493541619322,1.7373434986886258,-0.3669346685489438,-3.44773274105229,1.3497999641954883,0.12052997213436796,0.7231838018706295,0.008723872389968593,0.2140281394709652,0.4148473459508478,1,0.0726037968324634,0.6211012674843696,FALSE,FALSE,FALSE,FALSE,TRUE,TRUE,TRUE,TRUE
Porphyromonas_bobii,-0.1466132413929356,0.040132056299881265,-0.023295720023517798,-0.2502766775614569,0.6654796114347563,0.012596104123973448,0.010721397660446816,0.5037438815411028,-0.2203121461179575,3.18606895472547,-2.1728249209018653,-0.49683318593525316,0.8290501563413222,0.00715698735719121,0.048873351558282985,0.6276024115184922,1,0.046053657776708654,0.1722203816815686,1,FALSE,TRUE,FALSE,FALSE,TRUE,FALSE,TRUE,TRUE
Prevotella_histicola,4.605129878537192,-0.27583371034372695,0.04621793809773902,1.6441971933706117,0.47605317300001454,0.011363662001434901,0.006959765442491438,0.19653560693241062,9.673561987868636,-24.27331174659165,6.640732145305467,8.365899793089696,0.002345585560027724,1.532626867640608e-4,0.0069575923288032766,0.003581237689960503,0.03937517227789662,0.0037804796068468334,0.07123317136538171,0.029445732117453022,TRUE,TRUE,FALSE,TRUE,FALSE,FALSE,TRUE,FALSE
Rothia_SGB49305,-0.28611742561939124,0.13139421863773837,-0.005543188996960406,-3.5060686625946778,0.48361869175376426,0.01041868270842794,0.007455945056853918,0.25035093624845417,-0.5916177982737456,12.611404177943745,-0.7434589384299177,-14.004615741141757,0.5798405972674254,5.567580778005212e-5,0.49064050209953203,3.33818906155114e-5,1,0.0020600048878619283,1,0.0012351299527739218,FALSE,TRUE,FALSE,TRUE,TRUE,FALSE,TRUE,FALSE
Streptococcus_oralis,1.1804135143502346,0.05455811005816035,-0.0530517028804163,-1.9642730052222812,0.6614600156279804,0.018942967968337138,0.012770120421695657,0.3221371445385961,1.784557624741032,2.880124706400462,-4.1543619894362696,-6.097629654089569,0.1175093157915506,0.023647371576865826,0.004271739599503352,4.922301427368088e-4,0.41408044612260686,0.10293561745223948,0.07123317136538171,0.010407151589292528,FALSE,FALSE,FALSE,TRUE,TRUE,TRUE,TRUE,FALSE
Streptococcus_intermedius,NA,NA,NA,NA,NA,NA,NA,NA,NA,NA,NA,NA,1,1,1,1,1,1,1,1,FALSE,FALSE,FALSE,FALSE,TRUE,TRUE,TRUE,TRUE
Tannerella_serpentiformis,0.20110545934636778,0.0012950593223122735,0.015607117255537834,-0.37926270936783135,0.46567958166355566,0.009545687526381434,0.007454964506388175,0.2755575986258768,0.4318537193062128,0.13566957002658173,2.093519994919367,-1.3763464018379492,0.6881072783024542,0.8986361286381008,0.10441458428904626,0.2407384781084001,1,1,0.3219449682245593,0.6598017548156151,FALSE,FALSE,FALSE,FALSE,TRUE,TRUE,TRUE,TRUE
Prevotella_salivae,-1.409387989564122,0.05169525985302141,0.07216380215533702,-1.5074916802270242,0.4452515799080829,0.009259173912024965,0.006245410949400375,0.23033535715962736,-3.165374483017161,5.583139526722179,11.554692355715279,-6.544768891830619,0.03400825395499224,0.005046933645063611,3.2043298269265815e-4,0.0028172948465901102,0.16236198662383391,0.039312956814179706,0.019126413878130764,0.02605997733095852,FALSE,TRUE,TRUE,TRUE,TRUE,FALSE,FALSE,FALSE
Gemella_morbillorum,NA,NA,NA,NA,NA,NA,NA,NA,NA,NA,NA,NA,1,1,1,1,1,1,1,1,FALSE,FALSE,FALSE,FALSE,TRUE,TRUE,TRUE,FALSE
Prevotella_oris,-0.24240681885858514,0.027476872050204073,0.008639406507074232,-0.5978701767144025,0.48625537101559047,0.01079215853775441,0.008141952504688988,0.35636459593355163,-0.498517514268882,2.5460033740313595,1.0610976300953314,-1.677692406980525,0.6333995412644855,0.038326566579988466,0.32387791674384236,0.13730620036453975,1,0.14180829634595732,0.8264470978980806,0.4323684607223805,FALSE,FALSE,FALSE,FALSE,TRUE,TRUE,TRUE,TRUE
Prevotella_melaninogenica,0.5429779138778267,-0.003381058099788996,-0.006648645055888261,-0.20256334083765162,0.4367362998131438,0.00901637505967868,0.006662177262056308,0.24551727530132134,1.2432626143284586,-0.3749908447031137,-0.9979688012438338,-0.8250472012164818,0.23751357815915436,0.7142108593045196,0.3379934281410082,0.4254422852091623,0.764174121033801,1,0.8337171227478203,1,FALSE,FALSE,FALSE,FALSE,TRUE,TRUE,TRUE,TRUE
Prevotella_nigrescens,NA,NA,NA,NA,NA,NA,NA,NA,NA,NA,NA,NA,1,1,1,1,1,1,1,1,FALSE,FALSE,FALSE,FALSE,TRUE,TRUE,TRUE,FALSE
GGB1144_SGB1468,3.8257266760890247,-0.06047998942051932,-0.060205397859267325,-0.7476527194777388,0.439509324995384,0.009177905233266802,0.0051434303660445055,0.1831104127354271,8.704540401114823,-6.589737841408496,-11.705300465760475,-4.083070472666176,0.012942342251588334,0.022262286125711718,0.007219578178923821,0.05507424933090496,0.10272277103584525,0.09984298020016164,0.07123317136538171,0.22601863334343308,FALSE,FALSE,FALSE,FALSE,TRUE,TRUE,TRUE,TRUE
Capnocytophaga_gingivalis,-3.3586109332600853,0.10860619084013852,0.03862633736084656,-1.038404772736463,0.44143018557915764,0.009230054886192288,0.0060857009668959005,0.19571533736960944,-7.608475910757164,11.766581258645394,6.347064630838816,-5.305689307197372,0.016839365559590452,0.007145376308189898,0.023935370800243442,0.033736188096886714,0.1132830046736085,0.046053657776708654,0.10121242509817227,0.16106309155933013,FALSE,TRUE,FALSE,FALSE,TRUE,FALSE,TRUE,TRUE
Fusobacterium_nucleatum,-0.07745676973508993,0.09981369875439525,-0.04704580807772126,-0.9092664374433191,0.671808425824595,0.017596750226639923,0.013096349657128926,0.5065996529416149,-0.11529591883283913,5.672280248843115,-3.5922840569633183,-1.7948422036288114,0.9114482583594103,7.567638553352743e-4,0.008830191506650955,0.11575484141776166,1,0.011200105058962061,0.0726037968324634,0.39841201232159823,FALSE,TRUE,FALSE,FALSE,TRUE,FALSE,TRUE,TRUE
Peptostreptococcus_stomatis,NA,NA,NA,NA,NA,NA,NA,NA,NA,NA,NA,NA,1,1,1,1,1,1,1,1,FALSE,FALSE,FALSE,FALSE,TRUE,TRUE,TRUE,TRUE
Prevotella_denticola,14.076835270936567,-0.34833869331865797,-0.1885279943340784,NA,0.4456556745164948,0.00934862659279467,0.005225088516361056,NA,31.586796883510903,-37.2609484249949,-36.081301540395,NA,1,1,1,1,1,1,1,1,FALSE,FALSE,FALSE,FALSE,TRUE,TRUE,TRUE,TRUE
Metamycoplasma_salivarium,-4.840198812305891,0.16631518813839133,NA,NA,0.49206315640387965,0.011715790117766339,NA,NA,-9.836539780135688,14.19581491872099,NA,NA,1,1,1,1,1,1,1,1,FALSE,FALSE,FALSE,FALSE,TRUE,TRUE,TRUE,TRUE
Alloprevotella_tannerae,1.7470107596573243,-0.012905221596700175,0.004025943632763938,-1.2327170266381635,0.46941621837822484,0.010415449622715843,0.007506550732428149,0.3061558167591098,3.721666809240275,-1.2390460387378956,0.5363240423290476,-4.0264367330577056,0.06521476595175604,0.34101080446022414,0.6454046020224178,0.05650465833585827,0.283876040025291,0.8554169332222572,1,0.22601863334343308,FALSE,FALSE,FALSE,FALSE,TRUE,TRUE,TRUE,TRUE
Streptococcus_anginosus,NA,NA,NA,NA,NA,NA,NA,NA,NA,NA,NA,NA,1,1,1,1,1,1,1,1,FALSE,FALSE,FALSE,FALSE,TRUE,TRUE,TRUE,TRUE
Corynebacterium_durum,5.8851388730598595,-0.14366825801658784,0.023735594695074434,-2.109442614129563,0.4417934515690946,0.009266901486796117,0.005181607217852961,0.1738410234600995,13.321018797716265,-15.503375990485342,4.58073985486485,-12.134320036454044,1,1,1,1,1,1,1,1,FALSE,FALSE,FALSE,FALSE,TRUE,TRUE,TRUE,TRUE
Candidatus_Nanosynsacchari_sp_TM7_ANC_38_39_G1_1,NA,NA,NA,NA,NA,NA,NA,NA,NA,NA,NA,NA,1,1,1,1,1,1,1,1,FALSE,FALSE,FALSE,FALSE,TRUE,TRUE,TRUE,TRUE
Dialister_invisus,NA,NA,NA,NA,NA,NA,NA,NA,NA,NA,NA,NA,1,1,1,1,1,1,1,1,FALSE,FALSE,FALSE,FALSE,TRUE,TRUE,TRUE,TRUE
Neisseria_subflava,-1.9211302202060312,0.013497985583453158,0.042494588284634774,0.8640055888432221,0.45817615814616486,0.009964185441707532,0.007355346484111527,0.3094813802315812,-4.192994738048248,1.3546501781223423,5.777374101468697,2.791785367496736,0.002330750948838109,0.20855513740018566,2.6694493208463986e-4,0.020992507391508094,0.03937517227789662,0.5511814345576336,0.019126413878130764,0.11096039621225706,TRUE,FALSE,TRUE,FALSE,FALSE,TRUE,FALSE,TRUE
Burkholderia_contaminans,NA,NA,NA,NA,NA,NA,NA,NA,NA,NA,NA,NA,1,1,1,1,1,1,1,1,FALSE,FALSE,FALSE,FALSE,TRUE,FALSE,FALSE,FALSE
Fusobacterium_periodonticum,-2.5121836851448363,0.07049972085242842,0.002140847893478464,0.8156328380201314,0.41788319202787233,0.00874755953163631,0.005524638216927968,0.1870434874717601,-6.011688751954581,8.059358795725831,0.38750915615048265,4.360658844875719,5.359786468538951e-4,8.694406990300484e-5,0.7098924325391828,0.00331152538079048,0.030690425370015543,0.0025735444691289432,1,0.028829750373940647,TRUE,TRUE,FALSE,TRUE,FALSE,FALSE,TRUE,FALSE
Lachnoanaerobaculum_sp_ICM7,-11.149179686592596,0.3082395934098205,0.032864609270737456,2.077047958978027,0.4356259918886127,0.009159413393332934,0.005368168527627254,0.18484202389064205,-25.593467548289414,33.65276575836021,6.122126960358994,11.236881718017052,0.0015231707783721342,8.8182766551084e-4,0.025658170157925805,0.007826836174402056,0.03937517227789662,0.011864590408691303,0.10450600700289914,0.05036398929615236,TRUE,TRUE,FALSE,FALSE,FALSE,FALSE,TRUE,TRUE
Prevotella_nanceiensis,0.1665484867278392,-0.05069734878679394,0.02816309829827358,1.39398506016743,0.43920005624830744,0.009045819083846747,0.007756834327452007,0.250751991856972,0.3792087099225663,-5.604506161009227,3.630746398514959,5.559218293119497,0.7175904599142591,0.001375154445941825,0.010955376269040789,0.001433813197714721,1,0.013568190533292675,0.07753642470908186,0.017683696105148226,FALSE,TRUE,FALSE,TRUE,TRUE,FALSE,TRUE,FALSE
Solobacterium_SGB6829,0.3386034353690607,-0.024759653155312727,0.024045028059770508,-0.024261986167846233,0.43816210250299426,0.009079828440213709,0.007218518053492383,0.22983414891650983,0.7727812000051894,-2.726885570398505,3.3310200073735783,-0.1055630169938746,0.4649403453427362,0.02947095540813455,0.012573474277148408,0.9188903978588494,1,0.12462004001154038,0.07753642470908186,1,FALSE,FALSE,FALSE,FALSE,TRUE,TRUE,TRUE,TRUE
Prevotella_pallens,2.499863437745825,-0.024908131201894536,-0.025570365501063543,-1.1281265524727635,0.48759006134149907,0.009821717600450532,0.008759028382059934,0.30432202806600417,5.126977836398036,-2.5360260002539654,-2.9193152922573296,-3.7070157544694236,6.221032169597745e-4,0.03191822236141394,0.01705080492509799,0.0048674084671792555,0.030690425370015543,0.12767288944565575,0.08701790099705183,0.03601882265712649,TRUE,FALSE,FALSE,TRUE,FALSE,TRUE,TRUE,FALSE
Oribacterium_SGB5283,NA,NA,NA,NA,NA,NA,NA,NA,NA,NA,NA,NA,1,1,1,1,1,1,1,1,FALSE,FALSE,FALSE,FALSE,TRUE,TRUE,TRUE,TRUE
Peptostreptococcus_SGB749,-2.9850984698584604,0.16353369449791658,-0.020589579532986232,-0.7358745054876066,0.5634270538221102,0.014626587654774715,0.00987533751998711,0.32715552549556154,-5.298109932081713,11.180577340233729,-2.084949450215156,-2.249310948891768,0.0011256755090208203,1.0206264511288737e-5,0.07553117034147275,0.05925831776878483,0.03937517227789662,0.0014933352128805625,0.2484136269008437,0.23079555341526725,TRUE,TRUE,FALSE,FALSE,FALSE,FALSE,TRUE,TRUE
Eubacterium_sulci,-0.5119124361411379,0.03766832918933347,0.011485404760090141,-0.7814569370715119,0.43639796204900355,0.00996506389272985,0.007332983569993648,0.30798842516315106,-1.1730403912464988,3.7800389033947814,1.5662662612647977,-2.537293200734897,0.27914571125727505,0.006891926427479307,0.1612686252738706,0.038817164828115557,0.8431339850219736,0.046053657776708654,0.4729246963702537,0.17952938733003446,FALSE,TRUE,FALSE,FALSE,TRUE,FALSE,TRUE,TRUE
Schaalia_meyeri,NA,NA,NA,NA,NA,NA,NA,NA,NA,NA,NA,NA,1,1,1,1,1,1,1,1,FALSE,FALSE,FALSE,FALSE,TRUE,TRUE,TRUE,TRUE
Schaalia_SGB17168,-8.885656822899456,0.25894374378132906,0.0831710348904437,0.517657920990614,0.5676969676243752,0.011123204532166786,0.009066386708123276,0.3729195472875639,-15.652112534761288,23.27959924071334,9.17355916618076,1.3881222498413048,9.730447215622968e-5,2.018020557946706e-5,7.840706104848066e-4,0.23741086840065598,0.014401061879121994,0.0014933352128805625,0.019774297365668943,0.6598017548156151,TRUE,TRUE,TRUE,FALSE,FALSE,FALSE,FALSE,TRUE
Haemophilus_sputorum,NA,NA,NA,NA,NA,NA,NA,NA,NA,NA,NA,NA,1,1,1,1,1,1,1,1,FALSE,FALSE,FALSE,FALSE,TRUE,TRUE,TRUE,TRUE
Porphyromonas_endodontalis,-4.465768402183079,0.14275902433793342,-0.0564039487292082,2.6268265734038376,0.5003798518559233,0.01097658620749252,0.012716708048117953,0.3729891165551135,-8.924756633624266,13.005776262248766,-4.435420591224148,7.04263598269279,0.002967515798010586,9.815112642837928e-4,0.021300965053401656,0.005883123380098915,0.03937517227789662,0.012105305592833446,0.09851696337198267,0.04146201239307806,TRUE,TRUE,FALSE,TRUE,FALSE,FALSE,TRUE,FALSE
Capnocytophaga_leadbetteri,3.608685786326718,0.04039075867804438,-0.04764126042420358,-4.308373259192625,0.4339988577757825,0.009103136870808177,0.005096869385319048,0.17131296090709958,8.314966091894828,4.437015421307017,-9.347161330331282,-25.149137790741886,0.014157268110305717,0.04722547063972081,0.011252822175351668,0.0015773399669159235,0.10274255566865839,0.16254348034136465,0.07753642470908186,0.017957408854119745,FALSE,FALSE,FALSE,TRUE,TRUE,TRUE,TRUE,FALSE
Oribacterium_sinus,-0.2821410562679507,1.1847215234211241e-4,0.020987671402449618,-3.3482013590556685e-4,0.508781885976539,0.00996692892806769,0.00982412360383031,0.3247246832936005,-0.554542258764615,0.011886525247359305,2.1363403239620045,-0.0010310892677131,0.5964721030252957,0.990847825104416,0.07001163771973898,0.9992060790545432,1,1,0.2354936905118493,1,FALSE,FALSE,FALSE,FALSE,TRUE,TRUE,TRUE,TRUE
Capnocytophaga_SGB2499,NA,NA,NA,NA,NA,NA,NA,NA,NA,NA,NA,NA,1,1,1,1,1,1,1,1,FALSE,FALSE,FALSE,FALSE,TRUE,TRUE,TRUE,TRUE
Prevotella_shahii,18.44811362432924,-0.5865963631792774,0.04783263553025396,-0.4607354572053328,0.4417934515690946,0.009266901486796117,0.005181607217852961,0.1738410234600995,41.75732700158421,-63.30016176551411,9.23123531352378,-2.6503264191324907,1,1,1,1,1,1,1,1,FALSE,FALSE,FALSE,FALSE,TRUE,TRUE,TRUE,TRUE
Lautropia_mirabilis,NA,NA,NA,NA,NA,NA,NA,NA,NA,NA,NA,NA,1,1,1,1,1,1,1,1,FALSE,FALSE,FALSE,FALSE,TRUE,TRUE,TRUE,TRUE
Veillonella_tobetsuensis,-2.590509667820409,0.14574399456718204,-0.08433823309913446,-0.16653158812738433,0.44073884813607456,0.009104767027626859,0.00571575222386664,0.18265833819978908,-5.87765221689877,16.007438095334763,-14.7554039776204,-0.9117108464286721,0.02774713168124728,0.0038799225655196134,0.004561610868510113,0.45816061662124974,0.1368858496274866,0.03190158553871682,0.07123317136538171,1,FALSE,TRUE,FALSE,FALSE,TRUE,FALSE,TRUE,TRUE
Haemophilus_haemolyticus,-4.976998085341777,0.1862919374795594,-0.011653858028400086,-0.5655380982418435,0.4380303669928082,0.009184470682046314,0.00515279038790569,0.17263148633171924,-11.362221572696335,20.283361331178348,-2.261659635088844,-3.275984643700144,0.05588551750585473,0.03136091280276215,0.2650307825332359,0.18861000923166188,0.25063807851110603,0.12767288944565575,0.7131737420894348,0.5696792115568563,FALSE,FALSE,FALSE,FALSE,TRUE,TRUE,TRUE,TRUE
Treponema_vincentii,-1.4514237807388815,-0.003949772851179245,-0.011125531135761172,2.450839939497948,0.4545748852767236,0.009441684805626172,0.007489576418465315,0.22852448244817233,-3.1929255833289685,-0.4183334788750445,-1.4854686719440535,10.724627458914737,0.08567220447540866,0.716343524706865,0.2757358283902142,0.008582550631530827,0.3336706911147495,1,0.728730403602709,0.0508086997386625,FALSE,FALSE,FALSE,FALSE,TRUE,TRUE,TRUE,TRUE
Leptotrichia_wadei,NA,NA,NA,NA,NA,NA,NA,NA,NA,NA,NA,NA,1,1,1,1,1,1,1,1,FALSE,FALSE,FALSE,FALSE,TRUE,TRUE,TRUE,TRUE
Filifactor_alocis,-3.3595176390051535,0.06552334371913751,-0.027570258246813487,2.8103140588789373,0.4382578461564015,0.0093779295752282,0.005478884751663659,0.2282921349344917,-7.665618923810983,6.986973317886436,-5.032093116841306,12.310165918266765,0.004611500386988526,0.0060182405248151655,0.015124689084793747,0.0011546675593682885,0.047492963590298094,0.044534979883632225,0.08609438402113363,0.0155355271624097,TRUE,TRUE,FALSE,TRUE,FALSE,FALSE,TRUE,FALSE
Leptotrichia_sp_oral_taxon_215,-2.4581910114933687,0.11846504251207216,-0.04707260358610874,0.5486233537820981,0.43457073664992596,0.009530431088986734,0.005161008920656876,0.23379175707486982,-5.656595817848628,12.430187197824567,-9.120814226400814,2.346632578694407,0.004813476039557239,2.4084106369154482e-4,8.016607040136058e-4,0.07880476956638435,0.047492963590298094,0.005092068203764091,0.019774297365668943,0.2844659974591435,TRUE,TRUE,TRUE,FALSE,FALSE,FALSE,FALSE,TRUE
Catonella_massiliensis,-2.276093110741081,4.7301839562132017e-4,0.017675587380493952,2.3100239417079536,0.4331874459752291,0.008901723913105905,0.006105479087030614,0.1915919696545622,-5.254291489488905,0.053137841640415365,2.895036921515431,12.05699772215347,0.0019118795485044409,0.9593471312018813,0.027512058255295208,1.9757750814378332e-5,0.03937517227789662,1,0.10450600700289914,9.747157068426644e-4,TRUE,FALSE,FALSE,TRUE,FALSE,TRUE,TRUE,TRUE
Prevotella_intermedia,NA,NA,NA,NA,NA,NA,NA,NA,NA,NA,NA,NA,1,1,1,1,1,1,1,1,FALSE,FALSE,FALSE,FALSE,TRUE,TRUE,TRUE,TRUE
TM7_phylum_sp_oral_taxon_352,0.9487664754465619,-0.016225501061722283,-0.024822992677839658,0.5647990526497785,0.5321800808243149,0.010560963973668958,0.007940731264527228,0.37356048673320125,1.7827921593325697,-1.5363655346402458,-3.126033591985254,1.5119346737899524,0.10829757720645722,0.1588244683296883,0.012199417429502396,0.1648396962315043,0.3909278396720895,0.4515327142885836,0.07753642470908186,0.5082557300471383,FALSE,FALSE,FALSE,FALSE,TRUE,TRUE,TRUE,TRUE
Streptococcus_constellatus,3.286932428330843,-0.025195796599739015,-0.03869068161991914,-1.192786018526133,0.4433082406569878,0.009578161101473994,0.00523815075256939,0.21536230735821366,7.414552960846322,-2.6305463369019346,-7.386324572835326,-5.538508725866145,0.08534585288146267,0.2312695432719312,0.08566810395626656,0.11371908230350876,0.3336706911147495,0.5904034245844832,0.2756278127288576,0.39841201232159823,FALSE,FALSE,FALSE,FALSE,TRUE,TRUE,TRUE,TRUE
Solobacterium_SGB6834,NA,NA,NA,NA,NA,NA,NA,NA,NA,NA,NA,NA,1,1,1,1,1,1,1,1,FALSE,FALSE,FALSE,FALSE,TRUE,TRUE,TRUE,TRUE
Lancefieldella_rimae,-3.6815108294272214,0.2647673570423313,-0.031025213909409734,-1.815804152546054,0.4417934515690946,0.009266901486796117,0.005181607217852961,0.1738410234600995,-8.333104115400065,28.57129294182994,-5.98756575035521,-10.44519939197679,1,1,1,1,1,1,1,1,FALSE,FALSE,FALSE,FALSE,TRUE,TRUE,TRUE,TRUE
Haemophilus_parainfluenzae,-0.5215282889169223,0.06668888690882319,-0.02732476744987871,-1.5473417093208983,0.47263999174776755,0.009338272383776833,0.0053090309482575985,0.20999259462823963,-1.10343664950647,7.14145873755838,-5.146846517978311,-7.368553696192166,0.3848468703388658,0.019049206552834763,0.03573862389247452,0.017924017993309418,1,0.08810258030686077,0.13223290840215574,0.09825017270406644,FALSE,FALSE,FALSE,FALSE,TRUE,TRUE,TRUE,TRUE
Streptococcus_cristatus,-0.9944848621999278,0.08035426578471888,-0.05210277329398312,0.1935308826259295,0.47068122837475707,0.010175084557931873,0.006581532374272012,0.31917738550946545,-2.1128628087290484,7.897159510294154,-7.916510978151383,0.6063427154057887,0.08830078475188781,5.237084928162929e-4,5.17741821854812e-4,0.5707597254234865,0.3350901575199845,0.00861209521520126,0.019156447408628045,1,FALSE,TRUE,TRUE,FALSE,TRUE,FALSE,FALSE,TRUE
Candidatus_Nanoperiomorbus_periodonticus,NA,NA,NA,NA,NA,NA,NA,NA,NA,NA,NA,NA,1,1,1,1,1,1,1,1,FALSE,FALSE,FALSE,FALSE,TRUE,TRUE,TRUE,TRUE
Pseudomonas_aeruginosa,-0.40345987098950287,0.0874732169447987,-0.051712091383285065,-3.6327993649380566,0.45337484954658347,0.01012222978545334,0.00571698802887141,0.18360479579497374,-0.8899035122768716,8.641694448638827,-9.045338405841221,-19.78597208863052,0.4674127155533001,0.013127566712279604,0.012002622125851582,0.0025446325073226763,1,0.06476266244724604,0.07753642470908186,0.025285947757625035,FALSE,FALSE,FALSE,TRUE,TRUE,TRUE,TRUE,FALSE
Slackia_exigua,NA,NA,NA,NA,NA,NA,NA,NA,NA,NA,NA,NA,1,1,1,1,1,1,1,1,FALSE,FALSE,FALSE,FALSE,TRUE,TRUE,TRUE,TRUE
Tannerella_forsythia,NA,NA,NA,NA,NA,NA,NA,NA,NA,NA,NA,NA,1,1,1,1,1,1,1,1,FALSE,FALSE,FALSE,FALSE,TRUE,TRUE,TRUE,TRUE
GGB4733_SGB6557,NA,NA,NA,NA,NA,NA,NA,NA,NA,NA,NA,NA,1,1,1,1,1,1,1,1,FALSE,FALSE,FALSE,FALSE,TRUE,TRUE,TRUE,TRUE
Eubacterium_brachy,3.279542239913187,-0.06086179557831969,-0.01598366004311739,-0.8690288541321549,0.43925243288989324,0.009254470881671409,0.005182287247054966,0.17857378969129448,7.466190268626844,-6.576474912126765,-3.0842867793947004,-4.866497236993567,0.0847625629888456,0.09606669764443104,0.19959935472266932,0.12902088561278907,0.3336706911147495,0.2962056510703291,0.5470500833139826,0.4245321695517941,FALSE,FALSE,FALSE,FALSE,TRUE,TRUE,TRUE,TRUE
Prevotella_jejuni,NA,NA,NA,NA,NA,NA,NA,NA,NA,NA,NA,NA,1,1,1,1,1,1,1,1,FALSE,FALSE,FALSE,FALSE,TRUE,TRUE,TRUE,TRUE
GGB3883_SGB5265,NA,NA,NA,NA,NA,NA,NA,NA,NA,NA,NA,NA,1,1,1,1,1,1,1,1,FALSE,FALSE,FALSE,FALSE,TRUE,TRUE,TRUE,TRUE
Treponema_denticola,14.591540810402691,-0.4402948233768979,0.059686929631665164,-3.5621075000466647,0.4417934515690946,0.009266901486796117,0.005181607217852961,0.1738410234600995,33.027969877277904,-47.512625876540184,11.518999245256746,-20.490603593715324,1,1,1,1,1,1,1,1,FALSE,FALSE,FALSE,FALSE,TRUE,TRUE,TRUE,TRUE
Parvimonas_sp_oral_taxon_110,NA,NA,NA,NA,NA,NA,NA,NA,NA,NA,NA,NA,1,1,1,1,1,1,1,1,FALSE,FALSE,FALSE,FALSE,TRUE,TRUE,TRUE,TRUE
Candidatus_Nanosynbacter_sp_HMT_352,NA,NA,NA,NA,NA,NA,NA,NA,NA,NA,NA,NA,1,1,1,1,1,1,1,1,FALSE,FALSE,FALSE,FALSE,TRUE,TRUE,TRUE,TRUE
Oribacterium_asaccharolyticum,-2.7931063610577507,0.04864969843338915,-0.033234321860557185,3.4518806823136337,0.4409230985655676,0.00957214537404462,0.00563217097564507,0.22945564613929756,-6.334679154130096,5.082423692112469,-5.900801308104954,15.043781839293123,0.024025709127042032,0.03660093047288773,0.0275387450886018,0.004389540612247235,0.1367617288770085,0.14180829634595732,0.10450600700289914,0.0341922110848732,FALSE,FALSE,FALSE,TRUE,TRUE,TRUE,TRUE,FALSE
Oribacterium_parvum,-1.4372921684061086,0.0592366562049827,0.01577905338575172,-0.12283296524167656,0.4394829205909333,0.00937933009617894,0.005594987444657676,0.20151717221269344,-3.270416439559268,6.315659604422625,2.8202124744387422,-0.6095409333753016,0.046762337369286706,0.008023124507115393,0.06672666082675247,0.585229104665794,0.216275810332951,0.04715616771528435,0.22966385586882243,1,FALSE,TRUE,FALSE,FALSE,TRUE,FALSE,TRUE,TRUE
GGB2964_SGB3946,NA,NA,NA,NA,NA,NA,NA,NA,NA,NA,NA,NA,1,1,1,1,1,1,1,1,FALSE,FALSE,FALSE,FALSE,TRUE,TRUE,TRUE,TRUE
GGB3887_SGB5270,NA,NA,NA,NA,NA,NA,NA,NA,NA,NA,NA,NA,1,1,1,1,1,1,1,1,FALSE,FALSE,FALSE,FALSE,TRUE,TRUE,TRUE,TRUE
Campylobacter_concisus,0.3176847179639234,-0.01899032308749241,-9.838674960071512e-4,0.7637647674285224,0.4795112222063411,0.010195649269422657,0.00640067754248256,0.2978525704770731,0.6625177957299584,-1.8625908547526726,-0.15371302326621336,2.5642376233490065,0.5322483013022802,0.11182144579027516,0.8828756894163181,0.04266458197929392,1,0.3309914795392145,1,0.18217457157819958,FALSE,FALSE,FALSE,FALSE,TRUE,TRUE,TRUE,TRUE
Lachnoanaerobaculum_orale,0.41539657788668416,0.03533773748663482,-5.367851274884781e-4,-1.059911551922148,0.4350748853636726,0.009176760893129842,0.005210774360487816,0.18227697615475938,0.954770297852197,3.850785467570624,-0.1030144639458589,-5.814840548058285,0.4404562298329544,0.06130178504447802,0.9273502583885963,0.028324449277519276,1,0.20392418197961729,1,0.13973394976909512,FALSE,FALSE,FALSE,FALSE,TRUE,TRUE,TRUE,TRUE
Neisseria_sicca,NA,NA,NA,NA,NA,NA,NA,NA,NA,NA,NA,NA,1,1,1,1,1,1,1,1,FALSE,FALSE,FALSE,FALSE,TRUE,TRUE,TRUE,TRUE
Capnocytophaga_sputigena,NA,NA,NA,NA,NA,NA,NA,NA,NA,NA,NA,NA,1,1,1,1,1,1,1,1,FALSE,FALSE,FALSE,FALSE,TRUE,TRUE,TRUE,TRUE
Eubacterium_infirmum,NA,NA,NA,NA,NA,NA,NA,NA,NA,NA,NA,NA,1,1,1,1,1,1,1,1,FALSE,FALSE,FALSE,FALSE,TRUE,TRUE,TRUE,TRUE
Prevotella_baroniae,15.102217752041211,-0.677123193267499,0.3124092877959114,-5.978924189458886,0.4417934515690946,0.009266901486796117,0.005181607217852961,0.1738410234600995,34.18388773849738,-73.06899660391271,60.29196630719543,-34.39305677368603,1,1,1,1,1,1,1,1,FALSE,FALSE,FALSE,FALSE,TRUE,TRUE,TRUE,TRUE
Corynebacterium_matruchotii,NA,NA,NA,NA,NA,NA,NA,NA,NA,NA,NA,NA,1,1,1,1,1,1,1,1,FALSE,FALSE,FALSE,FALSE,TRUE,TRUE,TRUE,TRUE
GGB1843_SGB2524,NA,NA,NA,NA,NA,NA,NA,NA,NA,NA,NA,NA,1,1,1,1,1,1,1,1,FALSE,FALSE,FALSE,FALSE,TRUE,TRUE,TRUE,TRUE
GGB4533_SGB6246,NA,NA,NA,NA,NA,NA,NA,NA,NA,NA,NA,NA,1,1,1,1,1,1,1,1,FALSE,FALSE,FALSE,FALSE,TRUE,TRUE,TRUE,TRUE
Campylobacter_rectus,13.959201565196595,-0.34356444283588394,-0.1606806149934282,NA,0.4456556745164948,0.00934862659279467,0.005225088516361056,NA,31.32284039767103,-36.750258385620164,-30.751749848887172,NA,1,1,1,1,1,1,1,1,FALSE,FALSE,FALSE,FALSE,TRUE,TRUE,TRUE,TRUE
Prevotella_oulorum,NA,NA,NA,NA,NA,NA,NA,NA,NA,NA,NA,NA,1,1,1,1,1,1,1,1,FALSE,FALSE,FALSE,FALSE,TRUE,TRUE,TRUE,TRUE
GGB4333_SGB5935,10.968462307207838,-0.349649532426429,-0.009341106098878048,NA,0.4456556745164948,0.00934862659279467,0.005225088516361056,NA,24.611965996187195,-37.401165717316886,-1.7877412161781976,NA,1,1,1,1,1,1,1,1,FALSE,FALSE,FALSE,FALSE,TRUE,TRUE,TRUE,TRUE
Prevotella_vespertina,-1.0680675565533853,0.09594338256673014,-0.020340914667302572,-0.8973956046833423,0.4418652905310421,0.009374124198182992,0.005323840528629524,0.1887089833941812,-2.4171791254971877,10.234916941395664,-3.8207220065884995,-4.755447189330857,0.2497238077570447,0.06200397425055931,0.16296729401947932,0.13194918783366574,0.7699817405842212,0.20392418197961729,0.4729246963702537,0.4245321695517941,FALSE,FALSE,FALSE,FALSE,TRUE,TRUE,TRUE,TRUE
Alloprevotella_SGB1483,-19.397378787691373,0.5772174992693003,0.17049391104983805,0.2029953360620909,0.44426979778188175,0.009622763964553152,0.005291542777325603,0.22334116615195562,-43.66125918200429,59.98458461576786,32.220076114740834,0.9089024632564964,0.014578335601633961,0.01061207324684165,0.01975214076045723,0.530358034563579,0.10274255566865839,0.05609238716187729,0.09520575720894549,1,FALSE,FALSE,FALSE,FALSE,TRUE,TRUE,TRUE,TRUE
Alloprevotella_SGB1484,-15.656254605391226,0.47254922826281986,0.1472715306996192,-0.15962619734965142,0.43998130818854136,0.009329979037739924,0.0051884498518556255,0.19075225764267684,-35.58390848431722,50.64847695277237,28.384495351140036,-0.8368246820368871,0.017885957094285445,0.012567743534321343,0.022419161311461842,0.5564063923368878,0.11509224565018461,0.06413882907170892,0.10054654163928341,1,FALSE,FALSE,FALSE,FALSE,TRUE,TRUE,TRUE,TRUE
Catonella_SGB4505,NA,NA,NA,NA,NA,NA,NA,NA,NA,NA,NA,NA,1,1,1,1,1,1,1,1,FALSE,FALSE,FALSE,FALSE,TRUE,TRUE,TRUE,TRUE
Catonella_SGB69305,NA,NA,NA,NA,NA,NA,NA,NA,NA,NA,NA,NA,1,1,1,1,1,1,1,1,FALSE,FALSE,FALSE,FALSE,TRUE,TRUE,TRUE,TRUE
GGB4538_SGB6256,1.5906266024222417,-0.0051395035043724,-0.01769571392792906,-0.888023608152745,0.44389520810030786,0.009220263068942781,0.005224844872540017,0.1847679003581887,3.5833380793396734,-0.5574139767968365,-3.38684006121055,-4.806157381402471,0.17325323657603173,0.6762677060094167,0.18277541662717867,0.13059590828513323,0.5698106447389487,1,0.5202069550158163,0.4245321695517941,FALSE,FALSE,FALSE,FALSE,TRUE,TRUE,TRUE,TRUE
GGB3059_SGB69431,-22.949715185765406,0.6291136458111827,0.2202306067744433,1.606342208618648,0.4391465968731829,0.009272085331815231,0.005168225146238204,0.18366914685704516,-52.25980424116287,67.85028645632823,42.612425067190145,8.745846736408643,0.01218033818277948,0.009382033834240749,0.01493702703970254,0.07247634694394264,0.10272277103584525,0.05142744472102337,0.08609438402113363,0.26816248369258777,FALSE,FALSE,FALSE,FALSE,TRUE,TRUE,TRUE,TRUE
GGB1202_SGB1567,NA,NA,NA,NA,NA,NA,NA,NA,NA,NA,NA,NA,1,1,1,1,1,1,1,1,FALSE,FALSE,FALSE,FALSE,TRUE,TRUE,TRUE,TRUE
Selenomonas_noxia,NA,NA,NA,NA,NA,NA,NA,NA,NA,NA,NA,NA,1,1,1,1,1,1,1,1,FALSE,FALSE,FALSE,FALSE,TRUE,TRUE,TRUE,TRUE
Prevotella_veroralis,NA,NA,NA,NA,NA,NA,NA,NA,NA,NA,NA,NA,1,1,1,1,1,1,1,1,FALSE,FALSE,FALSE,FALSE,TRUE,TRUE,TRUE,TRUE
GGB3886_SGB5269,NA,NA,NA,NA,NA,NA,NA,NA,NA,NA,NA,NA,1,1,1,1,1,1,1,1,FALSE,FALSE,FALSE,FALSE,TRUE,TRUE,TRUE,TRUE
GGB3883_SGB5266,-0.4611106963579303,0.004086581822636193,0.002256760248034816,0.7740685079907855,0.4501071669979147,0.00907117355817464,0.00625737929910398,0.21729232882052787,-1.0244464655682022,0.4505019991546189,0.36065581774113814,3.562337024010294,0.35260759753230303,0.6712108534427744,0.7330927542646537,0.016174443777992337,1,1,1,0.09206991073626408,FALSE,FALSE,FALSE,FALSE,TRUE,TRUE,TRUE,TRUE
Solobacterium_SGB6833,31.23491967146464,-1.4321525918745242,0.263112859511762,NA,0.4456556745164948,0.00934862659279467,0.005225088516361056,NA,70.08756189484706,-153.1939026186303,50.355675064238625,NA,1,1,1,1,1,1,1,1,FALSE,FALSE,FALSE,FALSE,TRUE,TRUE,TRUE,TRUE
TM7_phylum_sp_oral_taxon_351,-1.5448513436251685,0.08563382519714419,0.01601964910125547,-1.7933354574407048,0.49709231844795365,0.010711542936954742,0.00797005762758667,0.32180653283674526,-3.10777553040566,7.994536893626047,2.0099790804280815,-5.57271302615375,0.026617730211043612,4.94487879207802e-4,0.10064900173995724,0.0025627649754349697,0.1368858496274866,0.00861209521520126,0.31693728207475896,0.025285947757625035,FALSE,TRUE,FALSE,TRUE,TRUE,FALSE,TRUE,FALSE
Selenomonas_SGB5880,-9.170801699775822,0.34713132924939794,-0.12739402037635492,4.8424411932861435,0.4417934515690946,0.009266901486796117,0.005181607217852961,0.1738410234600995,-20.758120490931603,37.459266157518314,-24.58581189585837,27.855572274616726,1,1,1,1,1,1,1,1,FALSE,FALSE,FALSE,FALSE,TRUE,TRUE,TRUE,TRUE
Prevotella_sp_oral_taxon_475,-2.7480942754311815,0.116210079146793,0.009074422212996749,NA,0.4456556745164948,0.00934862659279467,0.005225088516361056,NA,-6.166407010104093,12.430711398437968,1.7367021026691642,NA,1,1,1,1,1,1,1,1,FALSE,FALSE,FALSE,FALSE,TRUE,TRUE,TRUE,TRUE
Aggregatibacter_segnis,NA,NA,NA,NA,NA,NA,NA,NA,NA,NA,NA,NA,1,1,1,1,1,1,1,1,FALSE,FALSE,FALSE,FALSE,TRUE,TRUE,TRUE,TRUE
GGB45697_SGB2042,NA,NA,NA,NA,NA,NA,NA,NA,NA,NA,NA,NA,1,1,1,1,1,1,1,1,FALSE,FALSE,FALSE,FALSE,TRUE,TRUE,TRUE,TRUE
Granulicatella_SGB8245,NA,NA,NA,NA,NA,NA,NA,NA,NA,NA,NA,NA,1,1,1,1,1,1,1,1,FALSE,FALSE,FALSE,FALSE,TRUE,TRUE,TRUE,TRUE
GGB1144_SGB1469,NA,NA,NA,NA,NA,NA,NA,NA,NA,NA,NA,NA,1,1,1,1,1,1,1,1,FALSE,FALSE,FALSE,FALSE,TRUE,TRUE,TRUE,TRUE
Porphyromonas_sp_oral_taxon_275,33.422818590819446,-0.8996721090332269,-0.19199562722822341,-4.244060878458008,0.4417934515690946,0.009266901486796117,0.005181607217852961,0.1738410234600995,75.65258939921671,-97.08445809153349,-37.05329623725866,-24.413460033684842,1,1,1,1,1,1,1,1,FALSE,FALSE,FALSE,FALSE,TRUE,TRUE,TRUE,TRUE
Granulicatella_SGB8239,NA,NA,NA,NA,NA,NA,NA,NA,NA,NA,NA,NA,1,1,1,1,1,1,1,1,FALSE,FALSE,FALSE,FALSE,TRUE,TRUE,TRUE,TRUE
GGB1203_SGB1568,NA,NA,NA,NA,NA,NA,NA,NA,NA,NA,NA,NA,1,1,1,1,1,1,1,1,FALSE,FALSE,FALSE,FALSE,TRUE,TRUE,TRUE,TRUE
GGB12763_SGB19797,NA,NA,NA,NA,NA,NA,NA,NA,NA,NA,NA,NA,1,1,1,1,1,1,1,1,FALSE,FALSE,FALSE,FALSE,TRUE,TRUE,TRUE,TRUE
Alloprevotella_SGB1466,-2.5192455187020624,0.1477693320513212,-0.10581142301771217,0.8869845241566447,0.4417934515690946,0.009266901486796117,0.005181607217852961,0.1738410234600995,-5.702315210319642,15.945926722310512,-20.42057967133139,5.10227394260727,1,1,1,1,1,1,1,1,FALSE,FALSE,FALSE,FALSE,TRUE,TRUE,TRUE,TRUE
GGB4538_SGB6253,NA,NA,NA,NA,NA,NA,NA,NA,NA,NA,NA,NA,1,1,1,1,1,1,1,1,FALSE,FALSE,FALSE,FALSE,TRUE,TRUE,TRUE,FALSE
Selenomonas_SGB5897,NA,NA,NA,NA,NA,NA,NA,NA,NA,NA,NA,NA,1,1,1,1,1,1,1,1,FALSE,FALSE,FALSE,FALSE,TRUE,TRUE,TRUE,TRUE
Moraxella_catarrhalis,-6.9846651819569825,0.1303040244116753,0.3876413542123907,NA,0.4456556745164948,0.00934862659279467,0.005225088516361056,NA,-15.672784127644858,13.938306671923916,74.18847604181038,NA,1,1,1,1,1,1,1,1,FALSE,FALSE,FALSE,FALSE,TRUE,TRUE,TRUE,TRUE
GGB1844_SGB2532,NA,NA,NA,NA,NA,NA,NA,NA,NA,NA,NA,NA,1,1,1,1,1,1,1,1,FALSE,FALSE,FALSE,FALSE,TRUE,TRUE,TRUE,TRUE
GGB3385_SGB4471,NA,NA,NA,NA,NA,NA,NA,NA,NA,NA,NA,NA,1,1,1,1,1,1,1,1,FALSE,FALSE,FALSE,FALSE,TRUE,TRUE,TRUE,TRUE
