taxon,lfc_(Intercept),lfc_Calprotectin,lfc_Age,lfc_Sexmale,se_(Intercept),se_Calprotectin,se_Age,se_Sexmale,W_(Intercept),W_Calprotectin,W_Age,W_Sexmale,p_(Intercept),p_Calprotectin,p_Age,p_Sexmale,q_(Intercept),q_Calprotectin,q_Age,q_Sexmale,diff_(Intercept),diff_Calprotectin,diff_Age,diff_Sexmale,passed_ss_(Intercept),passed_ss_Calprotectin,passed_ss_Age,passed_ss_Sexmale
Cutibacterium_acnes,0.9035280396296322,0.015644840736496822,-0.045078197513287316,-1.4341048257696452,0.2905346183039273,0.0030764964712741067,0.010001908191995739,0.2611426358722894,3.109880829018642,5.08527829710711,-4.506959736879228,-5.491653329527498,0.02655437852853908,0.0038173530658883537,0.006358660381794329,0.0027332403914369476,0.15925938635853107,0.12542277781209327,0.15931724959178922,0.06360995820071441,FALSE,FALSE,FALSE,FALSE,TRUE,TRUE,TRUE,TRUE
Staphylococcus_aureus,NA,NA,NA,NA,NA,NA,NA,NA,NA,NA,NA,NA,1,1,1,1,1,1,1,1,FALSE,FALSE,FALSE,FALSE,TRUE,TRUE,TRUE,TRUE
Streptococcus_mitis,-1.0705790499851908,-0.00501924770386563,0.005410154368220554,1.5126628743598587,0.3472398548820525,0.004693547721047334,0.012365213979839884,0.4407395377331279,-3.0831110972236644,-1.0693931333344615,0.4375301856515555,3.432101603908726,0.027372707030372527,0.3337778940274557,0.6799803827977217,0.018593277720439262,0.15925938635853107,0.9287732703372681,1,0.1410371646560948,FALSE,FALSE,FALSE,FALSE,TRUE,TRUE,TRUE,FALSE
Streptococcus_sanguinis,-1.4664238171850816,-5.462964539253412e-5,-0.04420647285492039,3.624464825490758,0.7007422025198091,0.011216858937758017,0.04491264200464865,0.9307679221992052,-2.0926723292987734,-0.004870315807274767,-0.9842768290127494,3.8940585929593747,0.08129726857322189,0.9962719582526415,0.36298993785596,0.008038941214373367,0.3300609874540728,1,0.9781623588539554,0.09060483793963013,FALSE,FALSE,FALSE,FALSE,TRUE,TRUE,TRUE,TRUE
Actinomyces_sp_ICM47,NA,NA,NA,NA,NA,NA,NA,NA,NA,NA,NA,NA,1,1,1,1,1,1,1,1,FALSE,FALSE,FALSE,FALSE,TRUE,TRUE,TRUE,TRUE
Enterocloster_clostridioformis,-1.1189805465341398,0.0188496473039447,0.012745979179984273,0.01400476208001835,1.1453180029830325,0.014861334527813396,0.0573313218571208,1.4208603521971135,-0.9770042412846951,1.2683684139312703,0.22232139024719114,0.009856536610626385,0.34956461544342043,0.23085239989708387,0.8281376376328593,0.9923122391591315,0.794567938152999,0.7693666953626217,1,1,FALSE,FALSE,FALSE,FALSE,TRUE,TRUE,TRUE,TRUE
Ruminococcus_gnavus,0.7201742056302651,-0.002579441546198436,-0.018368669161589107,-0.2643189968339194,0.9113311075118405,0.010433530397368874,0.04238035543224567,1.0005518828690985,0.7902442917772432,-0.24722614953505279,-0.4334241413089484,-0.2641732041680642,0.43967276839570313,0.8075310951508958,0.6698562746278809,0.7946473753907807,0.9041710895458387,1,1,1,FALSE,FALSE,FALSE,FALSE,TRUE,TRUE,TRUE,TRUE
Longicatena_caecimuris,1.608961195984494,-0.02154965457891583,-0.19749525983560004,5.25170082950471,0.5089312449310515,0.002494391517636287,0.009809947645634254,0.3720746991503707,3.1614510054348726,-8.639243048475613,-20.132142083703357,14.114641069379138,0.08716885626892187,0.01313487154952317,0.002458195137205147,0.004982018800536144,0.338109503103697,0.2076761474649377,0.12585959102490352,0.08577269404726413,FALSE,FALSE,FALSE,FALSE,TRUE,TRUE,TRUE,TRUE
Clostridium_symbiosum,-0.7347966610565713,0.008829400911179593,-0.008387546571354956,0.07537813329746887,0.8553783669383944,0.008590247237678664,0.029398774434058764,0.9088952278158035,-0.8590311486209148,1.027840138576216,-0.2853025928059743,0.08293379807770868,0.4047922664372682,0.3214568938520317,0.7795897010955705,0.9350783056961615,0.8564200017185178,0.9246400542260687,1,1,FALSE,FALSE,FALSE,FALSE,TRUE,TRUE,TRUE,TRUE
Eisenbergiella_massiliensis,0.03895437445400929,-0.02325968608897902,0.003112459727791871,2.4701170124507503,0.29962494403328016,0.002641150215440591,0.01076344046218455,0.24130082347702306,0.13001045216610044,-8.806650206034908,0.2891695957929948,10.236670463273233,1,1,1,1,1,1,1,1,FALSE,FALSE,FALSE,FALSE,TRUE,TRUE,TRUE,TRUE
Streptococcus_thermophilus,-0.13536970459502679,0.004879810471391802,-0.01937545558282801,0.2693923298258181,1.1289404149340376,0.015733193690465826,0.05247012083749461,1.2764778087318907,-0.11990863539324725,0.3101601980752912,-0.36926645629111093,0.2110434885612656,0.9059612248007098,0.7602091989750874,0.7164883452362529,0.8353624595319797,1,1,1,1,FALSE,FALSE,FALSE,FALSE,TRUE,TRUE,TRUE,FALSE
Eggerthella_lenta,-0.008700601972190627,-0.006835114545892542,0.009117137096507522,-0.16230272411880647,0.9767414414205283,0.009636586820279054,0.037456789472585864,1.0518617542551374,-0.008907784192648637,-0.7092879121380252,0.2434041257908726,-0.15430043298203108,0.9930279591139243,0.49067191471312976,0.8114910485915282,0.8797425854093431,1,1,1,1,FALSE,FALSE,FALSE,FALSE,TRUE,TRUE,TRUE,TRUE
Lancefieldella_parvula,NA,NA,NA,NA,NA,NA,NA,NA,NA,NA,NA,NA,1,1,1,1,1,1,1,1,FALSE,FALSE,FALSE,FALSE,TRUE,TRUE,TRUE,FALSE
Erysipelatoclostridium_ramosum,-0.17060308854988193,-0.006970788725352558,0.0035821649747798828,0.015030524609119973,0.8584457097994764,0.0073809652153391265,0.03021020761225936,0.7693556540690144,-0.19873486069344204,-0.9444277979885152,0.1185746559823784,0.01953651023375942,0.8455445324458468,0.3621739832896971,0.9074249873787374,0.9847097825374977,1,0.9755489290812122,1,1,FALSE,FALSE,FALSE,FALSE,TRUE,TRUE,TRUE,TRUE
Ruminococcus_torques,-0.3107160488027726,0.013003658652280254,-0.01957854752536998,-0.36626536428083645,0.987182306168059,0.008067918990284265,0.037329977360736497,0.9267076558722603,-0.3147504233629122,1.6117735772929573,-0.5244725260927323,-0.3952329107889914,0.7572869287404044,0.12784832234467486,0.6076142537713274,0.6982347285097446,1,0.5729863194523602,1,1,FALSE,FALSE,FALSE,FALSE,TRUE,FALSE,TRUE,TRUE
Hungatella_hathewayi,0.6694284359172792,-0.015359422000853511,0.03737167740558977,0.0015850310957039894,0.5510106575355592,0.007131892172924351,0.025144159861313877,0.5303920570544016,1.2149101415049814,-2.1536251009464653,1.4862965241916402,0.0029884140884512056,0.2700366133028509,0.07473141758596791,0.18775197398015805,0.9977124759545399,0.6647055096685561,0.41539046896832404,0.6900166842202866,1,FALSE,FALSE,FALSE,FALSE,TRUE,FALSE,TRUE,TRUE
Enterocloster_lavalensis,-0.6637782634813314,-0.0065940312824295765,0.0020179899215102054,1.3396589329101385,0.44514943840586624,0.006808368896553584,0.03402006167393846,0.5015608188758123,-1.4911357989317056,-0.9685185075337933,0.059317644419678246,2.6709800337132026,0.37607755849149815,0.5101802610094007,0.9622814119400037,0.22806243704803833,0.8158970760493519,1,1,0.5259818367954758,FALSE,FALSE,FALSE,FALSE,TRUE,TRUE,TRUE,TRUE
Flavonifractor_plautii,-0.28089519142033875,-0.0016548457751983838,0.0058333855197008795,0.2901377581493392,0.8216624735911933,0.007885430262962673,0.028440242093737533,0.7728152207033973,-0.3418620181017227,-0.20986118956261415,0.20511026243990294,0.3754296633615251,0.7388966792095462,0.8376123751707623,0.8412321616029874,0.7144796807686948,1,1,1,1,FALSE,FALSE,FALSE,FALSE,TRUE,TRUE,TRUE,FALSE
Faecalimonas_umbilicata,-2.0450025273710164,0.004008937687070171,0.028762665070160304,1.2877702651383989,0.6910263057282999,0.007425736235825795,0.028968409503871088,0.6675323965699224,-2.9593700130065344,0.539870736012528,0.9928976275455065,1.9291502131664828,0.018163689632934445,0.6039845927369377,0.3498381020182179,0.08983839724690608,0.13622461500451188,1,0.9667978299964884,0.2948542268616405,FALSE,FALSE,FALSE,FALSE,TRUE,TRUE,TRUE,TRUE
Blautia_hansenii,0.04368649316799127,9.922822718479714e-4,0.014535431630919736,-1.6691084329358186,0.5597893124829676,0.007031592972086196,0.022964921282406826,0.6147663138306919,0.07804095611296705,0.14111770629885764,0.6329406250591058,-2.7150291019287938,0.9393349514202582,0.8905792298504356,0.5409753082772146,0.021745080857082686,1,1,1,0.15457497707467813,FALSE,FALSE,FALSE,FALSE,TRUE,TRUE,TRUE,TRUE
Enterocloster_aldenensis,-2.0672918141614436,-0.014933520731812113,0.08989883474722513,0.9170857253902343,0.8376640504204537,0.007988424454692257,0.023496599487082756,0.706798918303023,-2.4679247165063316,-1.869394999791283,3.826035967317184,1.2975199899740875,0.035691585821179934,0.09438960480813163,0.004052256282790111,0.22672170193309651,0.19035512437962632,0.45591960058267356,0.13881006283285433,0.5259818367954758,FALSE,FALSE,FALSE,FALSE,TRUE,TRUE,TRUE,TRUE
Oliverpabstia_intestinalis,-3.3178600112254233,-0.012923022901578709,0.11673352763239014,1.6903039298759661,0.6141213473712189,0.008836076961888515,0.03427930507648622,0.7672636523562806,-5.402613059174233,-1.4625294638466684,3.4053644720021796,2.2030288085262635,0.0029360537728474185,0.2034548526412209,0.01913930943036794,0.07879282033105917,0.06832997871353992,0.7233950316132298,0.25787701127232593,0.28015225006598815,FALSE,FALSE,FALSE,FALSE,FALSE,FALSE,TRUE,FALSE
Sellimonas_intestinalis,0.114376463326406,-0.005186523620568549,0.009642202952573715,0.44023211421825864,0.8829484960217628,0.010707110111160956,0.042359293428191065,0.9928453967633817,0.1295392243621726,-0.48439995168838157,0.2276289846269393,0.44340449747099575,0.9001287460805091,0.6410853383217815,0.8256444501951825,0.6692197026795846,1,1,1,1,FALSE,FALSE,FALSE,FALSE,TRUE,TRUE,TRUE,TRUE
Schaalia_odontolytica,1.775788236947779,-2.5799254193671894e-4,-0.07894702241164468,0.2223881030288409,0.3709494637174161,0.00506004736588376,0.011346482350295846,0.39697730163333256,4.787143292113097,-0.05098619109302733,-6.95784120349742,0.5602035736397073,0.001995716858487047,0.9607609330635152,2.1964972645430365e-4,0.592808041516114,0.06832997871353992,1,0.0439405641921193,1,FALSE,FALSE,TRUE,FALSE,TRUE,TRUE,FALSE,FALSE
Blautia_producta,1.4659364878972523,-0.016622676977000754,-0.02337261177193281,1.0416999603784658,1.2371285365311624,0.01255013518388343,0.05848879190460181,1.174690545557481,1.1849508313886723,-1.3245018267490203,-0.39960838668124193,0.8867867067782512,0.2610061407670369,0.21219554247163364,0.6970946978320625,0.39416867591070015,0.6487142916151596,0.7434868521191654,1,0.8203835856352785,FALSE,FALSE,FALSE,FALSE,TRUE,TRUE,TRUE,FALSE
Streptococcus_salivarius,-1.9748571707031946,0.012096932975644376,-8.581654967779925e-4,2.3978258119067855,0.6715222473305821,0.008116514216530531,0.035344627960124594,0.7255234097244716,-2.940866335484187,1.4904098795277299,-0.02427994143116077,3.304959949972387,0.011471405188985899,0.15997602360439056,0.9809980527557738,0.0056931332370471115,0.12236165534918292,0.6399040944175622,1,0.08577269404726413,FALSE,FALSE,FALSE,FALSE,TRUE,TRUE,TRUE,TRUE
Clostridium_spiroforme,-20.06995250298258,-0.016444082850649914,0.4899718876236008,10.019682274888115,0.5873186804414776,0.007677296014666904,0.03179375406275146,0.6597490568334383,-34.1721678048727,-2.1419107481637694,15.410947906829163,15.187111176754144,0.01862445908264811,0.2780732673802825,0.04125174617597703,0.04185800097896329,0.13622461500451188,0.8374912523453214,0.35201490070167063,0.22799251597052345,FALSE,FALSE,FALSE,FALSE,TRUE,TRUE,TRUE,TRUE
GGB3433_SGB4574,20.095154767485973,-0.01568532253025519,-0.4104722128864136,-10.281383364457085,0.4468702050446475,0.005625791037671468,0.022621567773130426,0.5017157598131645,44.968661013052404,-2.788109694303077,-18.145170883070563,-20.492446496569695,1,1,1,1,1,1,1,1,FALSE,FALSE,FALSE,FALSE,TRUE,TRUE,TRUE,TRUE
Clostridium_scindens,0.6673186233956742,-0.008118216135431271,-0.011381174846980141,-0.1507378463033874,0.8326223928538348,0.009604222837663868,0.03419883443456466,0.8419784205877257,0.8014661017083895,-0.8452756951447357,-0.33279423217643994,-0.17902815870051392,0.441489789817304,0.41772234362541616,0.7461611769502965,0.8614908621552017,0.9041710895458387,1,1,1,FALSE,FALSE,FALSE,FALSE,TRUE,TRUE,TRUE,TRUE
Fusicatenibacter_saccharivorans,-0.07980669226255495,0.002475061448708412,-0.022315408417741163,0.8064165962384253,1.0094028113475857,0.009465615421707188,0.041973460207855424,1.2934227651935337,-0.07906327520131473,0.26147918951285876,-0.5316552008634443,0.6234748745262435,0.9380274163136141,0.7972792601145626,0.6027502141326397,0.5423376457535629,1,1,1,1,FALSE,FALSE,FALSE,FALSE,TRUE,TRUE,TRUE,TRUE
Clostridia_bacterium,0.005567769580054841,0.0012072697979569188,-0.006902095639965546,-0.5286833492782873,0.5392678764552004,0.00604690904657807,0.024637192659744685,0.5652736152489872,0.01032468245031351,0.19965072877028134,-0.2801494364754898,-0.9352698145046396,0.9926995415787085,0.8602117478003368,0.8056804746382894,0.44838201750910867,1,1,1,0.9109983847804112,FALSE,FALSE,FALSE,FALSE,TRUE,TRUE,TRUE,TRUE
Clostridium_innocuum,-1.0227873146799586,-0.00365422772894803,0.03880661254816124,0.6094160273131022,1.0988936653249994,0.011093341874953127,0.04455783275749956,1.1048549535614212,-0.9307427524186044,-0.32940729404532754,0.870926841513172,0.5515801194977613,0.37033330087409866,0.7475263297677529,0.40088205986990233,0.5913594632305442,0.8158970760493519,1,1,1,FALSE,FALSE,FALSE,FALSE,TRUE,TRUE,TRUE,TRUE
Anaerostipes_hadrus,-1.1220345605928714,-0.0013293549020887542,0.041342071833123335,0.4721392706189633,1.130580124253328,0.010533412923011262,0.0453282609744142,1.10025337667282,-0.9924414347314833,-0.1262036257198889,0.9120595174930516,0.42911867450633817,0.3367228107513208,0.9012468289530691,0.37616311193440255,0.673936321102189,0.7785487506101977,1,1,1,FALSE,FALSE,FALSE,FALSE,TRUE,TRUE,TRUE,TRUE
Solobacterium_moorei,6.4201373288194254,-0.177731978799054,-0.21000672612417165,2.2014510755601973,0.30309894541260546,0.004103020247954069,0.01712538410805913,0.314410172173497,21.181655119518012,-43.31735357330452,-12.26289143642293,7.001844311657316,1,1,1,1,1,1,1,1,FALSE,FALSE,FALSE,FALSE,TRUE,TRUE,TRUE,TRUE
Gemella_sanguinis,-2.8302441397446017,0.0021231397537094182,0.030357859916887987,1.4131926528261038,0.4865772003586972,0.008246358472504968,0.03314748873854452,0.6883821151488178,-5.816639451372134,0.2574639170475546,0.9158419256535503,2.052918897407137,0.004349009457190608,0.8095231395282305,0.411567971564909,0.10932741022541169,0.07952474436005684,1,1,0.32926843550241636,FALSE,FALSE,FALSE,FALSE,FALSE,TRUE,TRUE,FALSE
Streptococcus_australis,-1.831838628838285,-0.003456212261347335,-0.03277698291450724,3.578556346442044,0.38013865178752526,0.005777082568955518,0.021901156511280263,0.4569285036699497,-4.8188696945823155,-0.5982625694013941,-1.4965868536497304,7.831764308201092,0.004803206206464759,0.5757316590832772,0.19475547482031969,5.444846220010356e-4,0.08197471925699856,1,0.6995554803236209,0.04646268774408836,FALSE,FALSE,FALSE,TRUE,TRUE,TRUE,TRUE,TRUE
Agathobaculum_butyriciproducens,0.058242826546094875,-0.0010151543662135498,-0.0040538463924155825,-0.20283419238914116,0.473588676561726,0.004821056068827358,0.02045309276177369,0.4626744700377641,0.12298188159594584,-0.2105668035635332,-0.1982021222722912,-0.4383950391137544,0.9043396733334902,0.8370750919367572,0.8465023739081929,0.6695852123025893,1,1,1,1,FALSE,FALSE,FALSE,FALSE,TRUE,TRUE,TRUE,TRUE
Schaalia_SGB17157,1.165294713166715,-0.0015087606935292874,-0.0064209395340791686,-0.1430934526247871,0.37020024532533347,0.005709429292729685,0.02465172074466039,0.43051270842907774,3.1477416016908615,-0.26425770706198676,-0.2604661800523583,-0.3323791605291489,0.025443538242387743,0.8021278759258679,0.804890765921234,0.7530848973498105,0.15925938635853107,1,1,1,FALSE,FALSE,FALSE,FALSE,TRUE,TRUE,TRUE,TRUE
Turicibacter_bilis,0.8522237299803822,-0.0182286590639555,-0.022949596087512857,1.1490236048829499,0.5527900461661144,0.00796466202331668,0.029436660188416626,0.6471776245684082,1.5416770542288083,-2.2886921015092416,-0.7796263550490541,1.7754377797736969,0.1980099799302613,0.08397799442951742,0.4791631956347685,0.15048238927376187,0.5676143724730569,0.4299673314791292,1,0.4012863713966983,FALSE,FALSE,FALSE,FALSE,TRUE,TRUE,TRUE,FALSE
Alistipes_finegoldii,-8.93247517047951,-0.01628309399252257,0.23985655785117369,5.764468712128868,0.3153563194695383,0.0028154411338141496,0.010323646483425474,0.27220365353619824,-28.32502353371212,-5.783496517458154,23.233705090179264,21.17704386859854,1,1,1,1,1,1,1,1,FALSE,FALSE,FALSE,FALSE,TRUE,TRUE,TRUE,TRUE
Actinomyces_sp_ph3,-1.0464559448770678,-6.934914103577359e-4,-0.004934490188109899,1.75097366863521,0.7246604098211094,0.011331561495689995,0.04680318713678318,0.9514209206063542,-1.444063910067058,-0.06119998648213736,-0.10543064457744641,1.8403775140022036,0.18671703655287877,0.9527012644236164,0.9186297007926159,0.10298574234147811,0.5558088529946159,1,1,0.3176427715592578,FALSE,FALSE,FALSE,FALSE,TRUE,TRUE,TRUE,TRUE
Veillonella_dispar,0.7549977742194182,0.024404485783814038,-0.014391461247572885,-3.0071689728182913,0.6847510895846864,0.005444161825607226,0.014205205132753586,0.5976475970185849,1.1025871819748947,4.482689267064914,-1.0131118215526391,-5.0316758367636805,0.3124564485207895,0.004180377057756354,0.350104393635227,0.0023763643583623174,0.7475593534703001,0.12542277781209327,0.9667978299964884,0.06360995820071441,FALSE,FALSE,FALSE,FALSE,TRUE,TRUE,TRUE,TRUE
Ruthenibacterium_lactatiformans,0.7190511677449802,0.002180665128720522,0.0031957750831103546,-2.1819335621181866,0.8547712491978536,0.010604527882241324,0.039320841298019105,0.9080932552484275,0.8412205820209352,0.20563528644894533,0.08127433131170951,-2.402763757474747,0.416672972631446,0.8405230022403671,0.9365636163657359,0.03335013167224233,0.8743301720790998,1,1,0.19854962111846597,FALSE,FALSE,FALSE,FALSE,TRUE,FALSE,TRUE,FALSE
Roseburia_faecis,0.6899913029802627,-0.015224911708735517,-3.060631393682186e-4,-1.3671798662704056,0.4051430540024753,0.005302921734184279,0.027917305019028046,0.3931670961025434,1.7030806678375068,-2.871042129585095,-0.0109632050500437,-3.477350673093524,0.13944529623572186,0.028388355062439845,0.9916082403956663,0.013185024380918335,0.4639998229897442,0.2795161113840231,1,0.12054879433982477,FALSE,FALSE,FALSE,FALSE,TRUE,TRUE,FALSE,TRUE
Actinomyces_oris,2.5476285812736315,-0.003405227808268865,-0.08595501905740224,0.2997471831699325,0.40998127014831637,0.005964629366578896,0.030857856636994196,0.4146250661177961,6.214012119021905,-0.5709035044740736,-2.785514887458332,0.7229355088840034,8.018875848708041e-4,0.5887926907261817,0.03176493313746879,0.4969207588512441,0.06832997871353992,1,0.2904222458282861,1,FALSE,FALSE,FALSE,FALSE,TRUE,TRUE,TRUE,TRUE
Bacteroides_fragilis,0.9908903350830722,0.014847582514474371,-0.081348787694537,-0.8376015022742359,0.8868361876877496,0.006499951952765048,0.025675836111756056,0.7881485854393823,1.117331868996712,2.284260348748929,-3.168301407613763,-1.0627456773360626,0.289977594615922,0.04545524456654671,0.010016514162637102,0.3128876233531702,0.7003232473743021,0.31450115159556646,0.18348420948848515,0.6788070472746743,FALSE,FALSE,FALSE,FALSE,TRUE,TRUE,TRUE,TRUE
Romboutsia_timonensis,-0.6583087939389901,-0.002446871942895377,5.801127895433334e-4,1.5549459484957677,1.013074340833026,0.012647795130136167,0.0493023432872294,1.1732760610919415,-0.6498129183665623,-0.1934623321866721,0.011766434430178451,1.3253027143915428,0.5291494618462558,0.8501229107479868,0.9908226532071562,0.2119385896705018,1,1,1,0.5167264662442711,FALSE,FALSE,FALSE,FALSE,TRUE,TRUE,TRUE,TRUE
Clostridiaceae_bacterium_AF18_31LB,1.839131539714418,-0.0045354849368311224,-0.07787952026184417,NA,0.30215095118034674,0.0026989047081025213,0.011188099345190036,NA,6.086797120875796,-1.6804909499823795,-6.960924984575326,NA,1,1,1,1,1,1,1,1,FALSE,FALSE,FALSE,FALSE,TRUE,TRUE,TRUE,TRUE
Blautia_massiliensis,1.1372004888627136,0.005887113488320084,-0.06708807312965927,0.32548376333943135,0.8545849499194229,0.011793195639687056,0.04744863355679505,1.1318352840909225,1.3307050270074823,0.4991957793448684,-1.4139094869688125,0.2875716704669234,0.20194048021604702,0.6244354043065112,0.1765509841048883,0.7773659559878564,0.5676143724730569,1,0.6646625283948735,1,FALSE,FALSE,FALSE,FALSE,TRUE,TRUE,TRUE,TRUE
Streptococcus_parasanguinis,-2.243859283276204,-0.00573725783454932,0.04320017910672327,2.4528031894463043,0.8452331091081632,0.012982720940851747,0.035049029786281403,0.8511766268551891,-2.6547224181075717,-0.44191490063506833,1.2325641927934998,2.8816618220692756,0.01802048040554786,0.6648554212153921,0.23670857957066332,0.011411063818299965,0.13622461500451188,1,0.7869791736375301,0.10935335244754786,FALSE,FALSE,FALSE,FALSE,TRUE,TRUE,TRUE,TRUE
Abiotrophia_defectiva,NA,NA,NA,NA,NA,NA,NA,NA,NA,NA,NA,NA,1,1,1,1,1,1,1,1,FALSE,FALSE,FALSE,FALSE,TRUE,TRUE,TRUE,TRUE
Mogibacterium_diversum,-0.8403223545743104,-0.005666283928485041,0.0392137157683539,0.2494142871270903,0.5842533475497432,0.008561734870110194,0.03560859546408527,0.7364831504638131,-1.4382841931475034,-0.6618149258822018,1.10124297960319,0.3386557954109572,0.2459315445312883,0.55538491513288335,0.3512195241784118,0.7571864513696812,0.6295847540000981,1,0.9667978299964884,1,FALSE,FALSE,FALSE,FALSE,TRUE,TRUE,TRUE,TRUE
Escherichia_coli,0.8629805998495821,0.018659842316463036,-0.07929404073804887,-0.7021604218556988,0.9683912001981873,0.007856985962069997,0.02916214178688457,1.0370329191194636,0.8911487420300471,2.3749364459277875,-2.7190746591085673,-0.6770859525384186,0.38904533295899735,0.033624526726563186,0.01754386130239173,0.5102211592727867,0.8369378591386833,0.29683457818948733,0.24951269407846016,1,FALSE,FALSE,FALSE,FALSE,TRUE,TRUE,TRUE,TRUE
Enterococcus_faecium,0.6660127574098755,0.010398769775499075,-0.04561429132152598,-0.34392353945696674,0.49092053459836543,0.004861671733396079,0.013253660596473114,0.574556596808541,1.35666102856088,2.138928818263734,-3.4416371982291625,-0.5985894886027601,0.2237095606615713,0.07626309391215325,0.013773291588048842,0.5713371855868605,0.5893347845746094,0.41539046896832404,0.22037266540878148,1,FALSE,FALSE,FALSE,FALSE,TRUE,TRUE,TRUE,TRUE
Actinomyces_SGB17132,-0.5241299072599063,-0.0049206952250510924,-0.03762707597680344,2.419065086355642,0.3719037127157485,0.005272127528004366,0.02210154167679063,0.43638559357974854,-1.4093161464631747,-0.9333414639371784,-1.7024638609856142,5.543411886060723,0.20158429974656722,0.3817105906873844,0.13245359590628814,8.659019178375857e-4,0.5676143724730569,0.9771791121597041,0.5963982588113683,0.05541772274160549,FALSE,FALSE,FALSE,FALSE,TRUE,TRUE,TRUE,TRUE
bacterium_210917_SL_2_15,0.8078573723659754,0.004560899425817329,-0.07576221830604286,0.5671066160760984,0.3022321389486837,0.0025985535109470347,0.008214247664477033,0.2452879243606788,2.6729697747437187,1.7551685607409806,-9.223269299960451,2.31200381166016,0.22790681122221224,0.32969053424097183,0.06875465385796646,0.2598855622920433,0.5893347845746094,0.9274810633592175,0.4724051615829252,0.5836026661996762,FALSE,FALSE,FALSE,FALSE,TRUE,TRUE,TRUE,TRUE
Schaalia_SGB17158,-1.9042791740401122,-0.008388261429342576,0.026620591522247147,1.0500684945068466,0.2989025024480379,0.002387299901461251,0.008093540902603651,0.243305225365625,-6.370904085592786,-3.5137024151042673,3.2891155852049176,4.315848510564722,0.02376289946760723,0.07232045706613842,0.0813200543545919,0.04971710410961651,0.15925938635853107,0.4114230446429208,0.4956650932089411,0.2447611279242659,FALSE,FALSE,FALSE,FALSE,TRUE,TRUE,FALSE,TRUE
Clostridium_saudiense,1.3897074617633833,0.002747807868208659,-0.03262639902656325,-0.538963495009434,0.7446866680207991,0.008846545254995229,0.038650556640325136,0.8764506697761585,1.8661640142650826,0.31060801578526953,-0.8441378821572592,-0.6149387679138665,0.11126894148969886,0.7666056932906004,0.4309561207920683,0.5611770019586915,0.39562290307448483,1,1,1,FALSE,FALSE,FALSE,FALSE,TRUE,TRUE,TRUE,TRUE
Clostridium_SGB6173,2.8703457111928,-0.0019092830002048963,-0.31879974343977036,2.367711234484695,0.5817923077702225,0.007953764017540697,0.032449365732482,0.7016030688186302,4.933626094497001,-0.2400477303568841,-9.82452927024857,3.3747161888437613,0.01596608582431483,0.8257608975800038,0.0022416618108709063,0.0432597918764526,0.13385073330948064,1,0.12585959102490352,0.22996522127129157,FALSE,FALSE,FALSE,FALSE,TRUE,TRUE,TRUE,TRUE
Bacteroides_xylanisolvens,1.2434724369807764,0.006334824253581925,0.011000147834846019,-3.5360136746639053,0.43123653232512693,0.0054082858834549885,0.01950889304324576,0.4410737759368737,2.883504396708374,1.1713183049293676,0.5638529982435071,-8.01683044328162,0.10216925530139284,0.36213024231517277,0.6296471280276579,0.015205485441014917,0.3790627443066169,0.9755489290812122,1,0.13059136984231445,FALSE,FALSE,FALSE,FALSE,TRUE,TRUE,TRUE,TRUE
Clostridium_perfringens,2.33595258263136,0.008279989305448378,-0.01951273279842914,-3.0515065054821155,0.3264112721217684,0.006607161599975243,0.009870177482050881,0.30204044930026347,7.156470324835865,1.2531840155808212,-1.9769383918286618,-10.10297300428315,8.279255625278414e-4,0.265549010661428,0.1049882659441516,1.6274871298703196e-4,0.06832997871353992,0.830946055652193,0.5545645696627515,0.04166367052468018,FALSE,FALSE,FALSE,TRUE,TRUE,FALSE,TRUE,FALSE
Scardovia_wiggsiae,1.080464932480876,0.002769006357641947,-0.0409938053954778,-1.3167598016177438,0.30842158257305946,0.004309070613713431,0.013315208516661167,0.3916202714207617,3.5032079255508437,0.642599438688636,-3.0787204980066756,-3.362338207980558,0.07270822066524098,0.5863170546369345,0.09128579416897184,0.0782168549918488,0.31120722257251654,1,0.5311173478921998,0.28015225006598815,FALSE,FALSE,FALSE,FALSE,TRUE,FALSE,TRUE,TRUE
Granulicatella_SGB8255,-1.2457917778325416,-0.0010405679925606615,-0.023256268206150402,1.6067752897302967,0.5007918491104524,0.009014878059746463,0.029996966556022582,0.6349024793028141,-2.487643878480489,-0.115427850012419,-0.7752873332280718,2.5307434481823026,0.04731292503450362,0.9118721775079349,0.4676158333323007,0.04463488552019084,0.23292516940063324,1,1,0.22996522127129157,FALSE,FALSE,FALSE,FALSE,TRUE,TRUE,TRUE,TRUE
Roseburia_sp_AF02_12,2.110857748656742,-0.004227898343598924,-0.14253654388059026,NA,0.7195858064504772,0.0107559081824359,0.047247915776193423,NA,2.9334343864688415,-0.39307683478583105,-3.0167795031587286,NA,1,1,1,1,1,1,1,1,FALSE,FALSE,FALSE,FALSE,TRUE,TRUE,TRUE,TRUE
Granulicatella_adiacens,NA,NA,NA,NA,NA,NA,NA,NA,NA,NA,NA,NA,1,1,1,1,1,1,1,1,FALSE,FALSE,FALSE,FALSE,TRUE,TRUE,TRUE,TRUE
Blautia_SGB4793,NA,NA,NA,NA,NA,NA,NA,NA,NA,NA,NA,NA,1,1,1,1,1,1,1,1,FALSE,FALSE,FALSE,FALSE,TRUE,TRUE,TRUE,TRUE
Actinomyces_naeslundii,2.6662936420498724,-0.01450561884198642,-0.1850164951854021,1.1753428629168794,0.817385980785624,0.002968642288322659,0.014881848283279502,0.5575390185222089,3.2619762324369517,-4.886280472068051,-12.432359990746402,2.108090777273665,0.0825152468635182,0.039423342415791283,0.006407711075888053,0.16955673385546444,0.3300609874540728,0.29683457818948733,0.15931724959178922,0.4384497360302919,FALSE,FALSE,FALSE,FALSE,TRUE,TRUE,FALSE,TRUE
Gemella_haemolysans,NA,NA,NA,NA,NA,NA,NA,NA,NA,NA,NA,NA,1,1,1,1,1,1,1,1,FALSE,FALSE,FALSE,FALSE,TRUE,TRUE,TRUE,TRUE
Clostridium_paraputrificum,92.22269415785058,-0.11596088186390568,-1.8772866711137945,-53.34018278281259,0.3289801717583156,0.0024649473507102285,0.007913379119503345,0.2554834403691464,280.3290352270888,-47.043958902608495,-237.22946199898684,-208.78137035316928,1,1,1,1,1,1,1,1,FALSE,FALSE,FALSE,FALSE,TRUE,TRUE,TRUE,TRUE
Rothia_mucilaginosa,-1.390167025208707,0.010155121788036101,0.00798449917340946,0.4073579661527098,0.5302805675361687,0.009030756494416882,0.040361020659345506,0.7162270674775348,-2.621568864323674,1.1245039985647205,0.1978269885888197,0.5687553356331189,0.022320221718741547,0.2827900415528731,0.8464919911201731,0.5800110894396223,0.15443180432426584,0.8417936120643663,1,1,FALSE,FALSE,FALSE,FALSE,TRUE,TRUE,TRUE,TRUE
Streptococcus_vestibularis,-3.2350190358971065,0.0072497793682987244,0.00802143563543826,1.9763430854310862,0.3308016844710225,0.004586128008887227,0.010056141717065658,0.4775213851191596,-9.779330601263874,1.580806151561784,0.7976653333977559,4.13875304231226,0.010295191991921351,0.2547137202379747,0.5087237429924168,0.053718743427293714,0.12236165534918292,0.8254014225433103,1,0.24557139852477125,FALSE,FALSE,FALSE,FALSE,TRUE,TRUE,TRUE,TRUE
Enterocloster_bolteae,0.9751292128368928,0.009860004473468052,-0.03927133119428713,-2.031119322295744,1.4856335325213283,0.015894719404848424,0.06357982000072818,1.4943052608011613,0.6563726460737338,0.6203320878039796,-0.6176697448001167,-1.3592398926620748,0.5263990599658963,0.5489142710959045,0.5505990833969738,0.20393239422424736,1,1,1,0.506861096324343,FALSE,FALSE,FALSE,FALSE,TRUE,TRUE,TRUE,TRUE
Lachnospira_pectinoschiza,-7.092859959229776,9.369484555441274e-4,0.09043077475579324,3.7461816602967386,0.3497086515308493,0.004615314485904499,0.021213468759043924,0.3510234221974603,-20.282197561257888,0.20300858335994984,4.262894285840921,10.672170070148221,0.03136270934703017,0.8724934963095207,0.1466874990806722,0.05947865788788297,0.17841896872977164,1,0.6156065535188866,0.24629278289943252,FALSE,FALSE,FALSE,FALSE,TRUE,TRUE,TRUE,TRUE
Streptococcus_infantis,NA,NA,NA,NA,NA,NA,NA,NA,NA,NA,NA,NA,1,1,1,1,1,1,1,1,FALSE,FALSE,FALSE,FALSE,TRUE,TRUE,TRUE,FALSE
Butyricicoccus_SGB14985,-5.30130364851473,0.010698258148479311,0.12984528848805077,-0.6893481923989097,0.2969935024747271,0.0023494322841867863,0.007911953490508076,0.23739058886504763,-17.84989773965122,4.553550328088013,16.411280557175342,-2.9038564489630714,1,1,1,1,1,1,1,1,FALSE,FALSE,FALSE,FALSE,TRUE,TRUE,TRUE,TRUE
Enterococcus_faecalis,3.407521474701294,0.05431294212073139,-0.13140751955643803,-3.5744055318192283,0.5870830408789505,0.007891909485958073,0.02156744067082682,0.8060666775851435,5.804155864560026,6.882104035451673,-6.092865702613769,-4.434379476555982,0.0011471616752698978,4.642959644015967e-4,8.897181269749534e-4,0.004402334233782303,0.06832997871353992,0.05942988344340438,0.07592261350186269,0.08577269404726413,FALSE,FALSE,FALSE,FALSE,TRUE,TRUE,TRUE,TRUE
Veillonella_atypica,-2.09554697832738,0.035924723439557646,0.03295708177642375,-3.8628097348773434,0.6559773986108413,0.008264334034575806,0.028244776088546614,0.7940557439000369,-3.194541432014434,4.346959269707399,1.1668381322303347,-4.864658135844465,0.0495384007329831,0.022479987978551975,0.3275925656819998,0.016592001514610544,0.2392798224083712,0.25021204010910025,0.942288728253842,0.13273601211688435,FALSE,FALSE,FALSE,FALSE,TRUE,TRUE,TRUE,TRUE
Dorea_longicatena,-0.42894305057901283,0.010173617580897111,0.014167644046393525,-0.531895115180983,0.720986105937483,0.008684539219691492,0.03609434840974595,0.8120733234697446,-0.5949394129048676,1.1714631396711588,0.392516963751812,-0.6549841003375846,0.5639219239314865,0.26616240845109307,0.7021753409524978,0.5259376554480083,1,0.830946055652193,1,1,FALSE,FALSE,FALSE,FALSE,FALSE,TRUE,TRUE,TRUE
Bifidobacterium_bifidum,-0.00733501912127656,0.01801931374182122,-0.3020121545327798,3.903364609049284,0.8134592803994168,0.006575985887114368,0.026603269019522126,0.7882045866334005,-0.009017069812855279,2.7401691626391766,-11.352445231868156,4.952222652904665,0.9932373121935131,0.05189648361381639,3.4328565775093204e-4,0.007748917838322535,1,0.32558545777264153,0.0439405641921193,0.09060483793963013,FALSE,FALSE,TRUE,FALSE,TRUE,TRUE,TRUE,TRUE
Blautia_wexlerae,-0.1931020753352488,-0.008083469216860742,-0.0019338816915242174,1.1522400574458012,0.8319377966091626,0.008756395701890336,0.029999261688719414,0.8828213756733403,-0.23211119403674185,-0.9231502883219037,-0.0644643095417049,1.3051791553721401,0.8193943903267665,0.36964158640967804,0.9493990737745468,0.21029061175450622,1,0.9755489290812122,1,0.5167264662442711,FALSE,FALSE,FALSE,FALSE,TRUE,TRUE,TRUE,TRUE
Bifidobacterium_longum,2.8827872904123497,-0.014823754007398708,-0.05449555976990686,-0.18140761050664794,0.7430185932806784,0.013083369909676373,0.04644451531693495,1.2336768968918599,3.879831967170389,-1.133022616477056,-1.1733475825516102,-0.1470462898054494,0.0013290665501814946,0.2738981887002902,0.2578283000880508,0.8849324200702756,0.06832997871353992,0.8374912523453214,0.8148647508955679,1,FALSE,FALSE,FALSE,FALSE,TRUE,TRUE,TRUE,TRUE
Bifidobacterium_pseudocatenulatum,5.051066910973881,-0.04352101740358613,-0.1384858417961232,0.19739472096322733,1.0294631895120172,0.005589912234865093,0.020735558823829818,0.7947109619202958,4.906505606449291,-7.785635189786922,-6.678664557473698,0.2483855520078062,0.01620848723669492,0.004409394532456404,0.006845663068397193,0.8198683650637141,0.13385073330948064,0.12542277781209327,0.15931724959178922,1,FALSE,FALSE,FALSE,FALSE,TRUE,TRUE,TRUE,TRUE
Anaerobutyricum_soehngenii,0.3203973645418206,-0.004109224069555494,-0.029060469312684026,0.9062766540162209,0.5406851471692479,0.005159166894353783,0.018557876373904603,0.5328844315257221,0.5925765969700815,-0.7964898507262188,-1.565937218632827,1.7007001901358332,0.565447061174593,0.4425985653596751,0.14565944782602572,0.11706176487682972,1,1,0.6156065535188866,0.34054331600532284,FALSE,FALSE,FALSE,FALSE,TRUE,TRUE,TRUE,TRUE
Streptococcus_mutans,-1.3446575322383216,0.025061552798562953,0.02006284086844908,-2.853061800773515,0.30396830275759007,0.002486584926343958,0.009396663312719574,0.24939489142237578,-4.423676811166278,10.078703740640428,2.1351026636541808,-11.439936818679909,0.14153306175117936,0.06295878802160375,0.2788509461941157,0.055507796581792376,0.4639998229897442,0.37482441240768744,0.8498314550677811,0.24629278289943252,FALSE,FALSE,FALSE,FALSE,FALSE,TRUE,FALSE,TRUE
Anaerobutyricum_hallii,0.4960668096936465,-0.006037899130799229,6.593408472246698e-4,-0.5393834152415969,0.8295056330735879,0.007643902403311004,0.02311707669440869,0.8017149303510199,0.5980270536024666,-0.7898974649629064,0.028521809047946968,-0.6727870404077859,0.5609392818677197,0.44491651673456123,0.9777148311094896,0.5138303801310926,1,1,1,1,FALSE,FALSE,FALSE,FALSE,TRUE,TRUE,TRUE,TRUE
Veillonella_parvula,-3.2898600372750346,0.013304296364025124,0.003922804255646841,2.786811924342434,0.6676849963077526,0.011121449754222905,0.04786697481889775,0.9168679093914314,-4.927263687918272,1.1962735666699726,0.08195220756040193,3.039491180569481,0.0026374599518709167,0.27671350802109895,0.9373502076844017,0.022817788319533266,0.06832997871353992,0.8374912523453214,1,0.15457497707467813,FALSE,FALSE,FALSE,FALSE,FALSE,FALSE,TRUE,TRUE
Coprococcus_catus,0.9590506552003901,0.014061389999984141,0.021907834087157994,-3.963682287183922,0.5713708115677504,0.008266737951156528,0.027786085493287704,0.6297407204006576,1.6785083098118156,1.7009599291842719,0.7884462204095024,-6.294149574228141,0.13714373162256158,0.13274352627458058,0.4563023838815289,4.06448574354715e-4,0.4639998229897442,0.5759719106151293,1,0.04646268774408836,FALSE,FALSE,FALSE,TRUE,TRUE,FALSE,TRUE,FALSE
Dorea_formicigenerans,0.610096816435446,0.001740987193222058,0.002006571462925842,-1.0931275915399374,0.653774135347467,0.007042853817842249,0.024313164821232303,0.618459109222327,0.9331920359792034,0.24719910965800113,0.0825302455554258,-1.7675018044676807,0.37507839732487935,0.8103009366275341,0.9360314453824321,0.11094273703724769,0.8158970760493519,1,1,0.33024814745971404,FALSE,FALSE,FALSE,FALSE,TRUE,TRUE,TRUE,TRUE
Megasphaera_micronuciformis,NA,NA,NA,NA,NA,NA,NA,NA,NA,NA,NA,NA,1,1,1,1,1,1,1,1,FALSE,FALSE,FALSE,FALSE,TRUE,TRUE,TRUE,TRUE
Blautia_faecis,-0.089174837909883925,0.0024169468779315457,0.01752853242718205,-1.4337731396041131,0.6129382150409712,0.007122309717058549,0.02602046020720506,0.6974944513343201,-0.1454874826232251,0.33934874695813194,0.6736442125773164,-2.055605083110379,0.8863999080958919,0.7393837731524636,0.5115065737933431,0.058968877210740595,1,1,1,0.24629278289943252,FALSE,FALSE,FALSE,FALSE,TRUE,TRUE,TRUE,TRUE
Blautia_caecimuris,1.703220889884107,0.004223051336363871,-0.06554576038553088,-1.2344093524013895,0.6826277122822718,0.0075820065245462845,0.02132395846880263,0.6284528680382304,2.4950948507344104,0.5569833424294742,-3.0738082932128017,-1.9642035468064682,0.034135457514886565,0.5911184907673506,0.013272065882195443,0.08109455992326241,0.18592930050661619,1,0.22037266540878148,0.2807448377557102,FALSE,FALSE,FALSE,FALSE,TRUE,TRUE,TRUE,FALSE
GGB3550_SGB4746,1.6435677111974534,0.0066243223698903035,-0.09149900813412908,NA,0.3444895720667396,0.0044922896928610845,0.019056525802508467,NA,4.771023114972657,1.474598216677196,-4.801452745499119,NA,1,1,1,1,1,1,1,1,FALSE,FALSE,FALSE,FALSE,TRUE,FALSE,TRUE,TRUE
GGB3653_SGB4964,-5.008845037780173,0.07038729058411371,0.01844337480072329,1.5654685245615285,0.2965439621485114,0.002426901693316746,0.008273847648613795,0.243237738574994,-16.89073350706667,29.002942631729887,2.2291170425180966,6.435960693158928,0.03764653102620239,0.02194148659104885,0.26845990504724687,0.09813136903480459,0.1966839171981186,0.25021204010910025,0.8280209119529542,0.3140203809113747,FALSE,FALSE,FALSE,FALSE,TRUE,TRUE,TRUE,TRUE
Phocaeicola_vulgatus,0.46609665201689315,0.01879190072611456,-0.057166993826075777,0.32012522626114154,0.5861177354278685,0.011973337738909132,0.0370291950600555,1.1148174547126264,0.7952270061861216,1.5694788818198537,-1.5438357148558035,0.2871548385862529,0.44942940533225106,0.15517581037828393,0.1612054899672268,0.7812911565219276,0.9131264108337799,0.6399040944175622,0.6349016220247702,1,FALSE,FALSE,FALSE,FALSE,TRUE,TRUE,TRUE,TRUE
Streptococcus_gordonii,-0.6843555524097455,0.01346008773941855,-0.01498145490621725,0.49564435703941406,0.4228320168013505,0.005178635949201674,0.016385364416311114,0.47571935491262934,-1.6185045720680622,2.599156973274695,-0.9143192989533809,1.0418839425409634,0.20398641510750484,0.08043440015757893,0.427968865108005,0.37404343070383217,0.5676143724730569,0.4289834675070876,1,0.7848780185260741,FALSE,FALSE,FALSE,FALSE,FALSE,TRUE,TRUE,TRUE
Intestinibacter_bartlettii,-1.0259591485753288,0.009009434315008927,0.036379955494823604,-1.404410649181482,0.5310354128782108,0.00604251704163144,0.021891453242614406,0.5033871233879637,-1.9319976101304288,1.4910068524318862,1.6618337344551228,-2.7899216804143276,0.08944448827236175,0.17429697816503764,0.13512148051195064,0.023561156967113632,0.3417580447421583,0.6516327768490092,0.5963982588113683,0.15465785086105358,FALSE,FALSE,FALSE,FALSE,TRUE,TRUE,TRUE,TRUE
Oscillospiraceae_bacterium_CLA_AA_H250,-0.6867332862151994,0.03316162138061816,-0.029307842475396154,-1.8405228876728281,0.43105669696063315,0.003476809301877158,0.013983985692346282,0.3673289172600477,-1.5931391184902906,9.537946577258042,-2.095814678317136,-5.010558116147017,0.20937890151733315,0.002444452533976697,0.12707069563526713,0.015303676153396225,0.5702233913663541,0.1089203436370843,0.5963982588113683,0.13059136984231445,FALSE,FALSE,FALSE,FALSE,TRUE,TRUE,TRUE,TRUE
Tyzzerella_nexilis,-0.36757871027589456,-0.043068745113010974,0.244188323393382,-2.288460268295503,0.7242064537834325,0.010986908875294589,0.045781178539989746,0.9326236842964,-0.5075606663756903,-3.920005672373995,5.333814706846922,-2.453787424476559,0.7009938056431432,0.1590113489409694,0.1179857628421943,0.24636144580154692,1,0.6399040944175622,0.5698934959924856,0.5581285851787258,FALSE,FALSE,FALSE,FALSE,TRUE,TRUE,TRUE,TRUE
Dialister_pneumosintes,0.672386101720562,-0.011211614773220692,-0.04153968374027966,2.0910145031929286,0.299126532543607,0.002366357930520467,0.00796730444487913,0.2391104230397583,2.2478316985222326,-4.737920087496975,-5.213768850891432,8.74497429518262,1,1,1,1,1,1,1,1,FALSE,FALSE,FALSE,FALSE,TRUE,TRUE,TRUE,TRUE
Veillonella_rogosae,3.7097973314964925,-0.023305614363883235,-0.015296499300080882,-0.3283775374192512,0.4642968110425679,0.011094407065631483,0.02312417725369679,0.7363819975466992,7.9901417439551805,-2.1006633546086406,-0.6614937747735643,-0.445933684573035,0.015304909920179759,0.17046814565540325,0.5763113249181101,0.6992734302987056,0.13385073330948064,0.6516327768490092,1,1,FALSE,FALSE,FALSE,FALSE,TRUE,TRUE,TRUE,TRUE
Rothia_SGB49305,-2.879232027085522,0.009056312534887858,0.019354938246734527,1.2922587423779819,0.7862179022216624,0.01204104649931328,0.0488229232700786,1.0203336999176855,-3.6621298229784713,0.7521200533030377,0.39643136769314075,1.266505989640677,0.02153985254612637,0.4938161016611539,0.712025835225359,0.2740612931446957,0.15317228477245418,1,1,0.604824922802087,FALSE,FALSE,FALSE,FALSE,FALSE,FALSE,TRUE,FALSE
Streptococcus_oralis,-0.7453937818332036,-0.005626727024676178,0.029636937024223292,0.29837075802561874,0.4536550537068964,0.00791591252858341,0.02746150941767885,0.5138521926405402,-1.6430849292705063,-0.7108121779212115,1.079217335560731,0.5806548309006455,0.19890903796858964,0.5284795672705682,0.3595254559196458,0.6022159053529188,0.5676143724730569,1,0.9781623588539554,1,FALSE,FALSE,FALSE,FALSE,FALSE,TRUE,TRUE,TRUE
Streptococcus_intermedius,-1.5999242706042427,0.023414763261241686,0.02985747908186048,-2.834833335859149,0.30858918438231314,0.005265075502168892,0.012459536404193948,0.47274840421463893,-5.184641431314994,4.447184708290741,2.39635553950549,-5.996494775204081,0.12129999732237005,0.14080913912933668,0.25167549270827366,0.10519725841011422,0.42538081252776344,0.6007856602851698,0.8148647508955679,0.32060116848796716,FALSE,FALSE,FALSE,FALSE,FALSE,FALSE,TRUE,TRUE
Gemella_morbillorum,-4.706260780349062,0.007045469039468159,0.18526736326118295,NA,0.3146274972868569,0.004403762416589395,0.012686673776148098,NA,-14.958199206785157,1.5998749189845487,14.603304737724049,NA,1,1,1,1,1,1,1,1,FALSE,FALSE,FALSE,FALSE,TRUE,FALSE,FALSE,TRUE
Fusobacterium_nucleatum,-3.0160950591615503,0.0056984345355565215,0.09828194561142946,1.149163846551266,0.320353999755569,0.004142618104337658,0.01439846391892777,0.33033838371860885,-9.414881854020363,1.3755635668153425,6.8258632424137335,3.478747560653305,0.011094197230237784,0.3027564938122843,0.020795573992684682,0.07362374108305626,0.12236165534918292,0.8908696829418941,0.2649628737287477,0.28015225006598815,FALSE,FALSE,FALSE,FALSE,TRUE,TRUE,TRUE,TRUE
Streptococcus_anginosus,-0.7118626715787832,-0.005636907123735281,-0.023562715281625336,2.306482915946854,0.6968139121992875,0.006307495934550765,0.019874101187249277,0.5072000413912772,-1.0215965254367538,-0.8936838298789573,-1.18559903965582,4.547481718692385,0.3538310349587574,0.41243649696431434,0.28904928757518933,0.006126600378741026,0.794567938152999,1,0.8688223147994848,0.08713387205320569,FALSE,FALSE,FALSE,FALSE,TRUE,TRUE,TRUE,TRUE
Corynebacterium_durum,-15.969038029080473,-0.1246590869809887,2.057011974226571,NA,0.29612160695886747,0.0025583800791382683,0.008388782876664376,NA,-53.927297616275055,-48.72578863378941,245.20982417469588,NA,1,1,1,1,1,1,1,1,FALSE,FALSE,FALSE,FALSE,TRUE,TRUE,TRUE,TRUE
Eubacterium_rectale,-0.20234163426407548,0.018194438965908187,-0.006049943971182608,-1.4726331348091495,0.9732999881910123,0.006678288582415193,0.026192964014482897,0.8189164343304367,-0.20789236280599388,2.7244164041992023,-0.2309759203974551,-1.7982703400173001,0.8394858667703913,0.021397503240489953,0.8219906428139314,0.10234014144577484,1,0.25021204010910025,1,0.3176427715592578,FALSE,FALSE,FALSE,FALSE,TRUE,TRUE,TRUE,TRUE
Lacticaseibacillus_rhamnosus,1.2915346106642878,-0.011509419782777398,-0.06494995441450321,2.5674028360179926,0.5601727837565805,0.009470557513017149,0.034719156504251475,0.8290628609162303,2.3056004292159895,-1.2152842920765605,-1.8707238583561177,3.0967529207383064,0.26052950539156144,0.43832610579783754,0.31252045068115153,0.19884720021486316,0.6487142916151596,1,0.9091504019815317,0.5007356301293497,FALSE,FALSE,FALSE,FALSE,TRUE,TRUE,TRUE,TRUE
Coprococcus_comes,0.9471554410125282,0.0010403476172965176,0.01649972524013876,-1.0741867917244916,0.8177189742136195,0.010446666645198317,0.03965995582655661,0.8940256423014347,1.1582896702664687,0.09958656216666975,0.4160298441152175,-1.2015167584671054,0.28015251312618555,0.9231228763774493,0.6883245374848559,0.26391059440109027,0.6830385081933668,1,1,0.5874879318841661,FALSE,FALSE,FALSE,FALSE,TRUE,TRUE,TRUE,TRUE
Faecalibacterium_prausnitzii,-0.13342726883554537,0.008385232648981571,-0.013614378263217762,0.5456594536022195,0.7680245231343164,0.009866489561457487,0.040229111438620443,0.9003588596905922,-0.17372787562957917,0.8498699154091941,-0.33842105322136923,0.6060466309952623,0.8655457592972571,0.41528115073150984,0.7420439015322535,0.557988872853991,1,1,1,1,FALSE,FALSE,FALSE,FALSE,TRUE,TRUE,TRUE,TRUE
Latilactobacillus_sakei,1.8136076847760298,-1.5716336326626783e-4,-0.11871676770270786,1.9088531228164498,0.3333577031820231,0.005769283985987375,0.017793649839523674,0.5278275782889738,5.440425307303448,-0.027241398351683037,-6.671861522137599,3.616433095451855,0.032164626345492456,0.9807409951620898,0.02173523573556134,0.0686775054885316,0.1790031379227406,1,0.2649628737287477,0.27370673638694065,FALSE,FALSE,FALSE,FALSE,TRUE,TRUE,TRUE,TRUE
GGB51647_SGB4348,-0.34998849164409357,0.01568723047309312,7.493404397908349e-4,-1.5059734175757031,0.33450732642609216,0.004263782603211106,0.021317603153528226,0.3081806432659187,-1.0462804967036257,3.679181593657913,0.03515125196740579,-4.886658038013923,0.37230468868491035,0.03477703236747496,0.9741672245916975,0.016388926999419094,0.8158970760493519,0.29683457818948733,1,0.13273601211688435,FALSE,FALSE,FALSE,FALSE,TRUE,TRUE,TRUE,TRUE
Actinomyces_johnsonii,-2.903151032800853,0.10255576609933835,-0.009649651957098077,-14.346607053487652,0.3191454870298763,0.005217196846493736,0.015317726723478375,0.474023254660424,-9.096638212932271,19.657254482981962,-0.6299663214586203,-30.26561864304554,1,1,1,1,1,1,1,1,FALSE,FALSE,FALSE,FALSE,TRUE,TRUE,TRUE,TRUE
Ruminococcus_lactaris,-2.007995464086346,0.014370707860835863,0.02362118235766586,NA,0.30709966008096085,0.0035668171740670246,0.010664769204524622,NA,-6.538579246740218,4.0290004111564315,2.214879844530003,NA,1,1,1,1,1,1,1,1,FALSE,FALSE,FALSE,FALSE,TRUE,TRUE,TRUE,TRUE
Mediterraneibacter_glycyrrhizinilyticus,-2.2563992626499147,0.019088912164867394,0.05199794416942779,-1.9569834812827696,0.5921092571921799,0.004546827746819082,0.017439852118792197,0.46114414868947123,-3.810781938032695,4.198292354097165,2.9815587778635892,-4.243756506169133,0.01249008143531144,0.008503537291980029,0.03074466615440352,0.008140278408638645,0.12789843389758915,0.17604561154932696,0.2904222458282861,0.09060483793963013,FALSE,FALSE,FALSE,FALSE,TRUE,FALSE,TRUE,TRUE
Phocaeicola_dorei,-2.9274162086097046,0.02005429927013153,0.10035510810665738,-1.0852352116523742,1.033916682140897,0.005532868574474659,0.024228143384485628,0.7968182071793983,-2.8313850227737896,3.6245753898167856,4.14208825307346,-1.3619608611780136,0.02535578547986656,0.008458589517743857,0.004337814463526698,0.21541440142747317,0.15925938635853107,0.17604561154932696,0.13881006283285433,0.5173225844786714,FALSE,FALSE,FALSE,FALSE,TRUE,TRUE,TRUE,TRUE
Ligilactobacillus_saerimneri,-6.391116171049655,0.2743636439558138,NA,NA,0.5022015425796141,0.006772270025346022,NA,NA,-12.726197809391374,40.512803377445884,NA,NA,1,1,1,1,1,1,1,1,FALSE,FALSE,FALSE,FALSE,TRUE,TRUE,TRUE,TRUE
Actinomyces_massiliensis,NA,NA,NA,NA,NA,NA,NA,NA,NA,NA,NA,NA,1,1,1,1,1,1,1,1,FALSE,FALSE,FALSE,FALSE,TRUE,TRUE,TRUE,TRUE
Bifidobacterium_animalis,9.724351817627245,-0.16812141396167027,-0.13982651363779655,-3.877539770129398,1.0296084928100726,0.012352366645014061,0.05188219740574477,1.2023294602324452,9.444708241563673,-13.610461767626626,-2.6950769363965676,-3.225022673385843,0.011025389669108083,0.005354943681277705,0.11450721225359052,0.08418358358056666,0.12236165534918292,0.13708655824070926,0.5698934959924856,0.2835657552187508,FALSE,FALSE,FALSE,FALSE,TRUE,TRUE,TRUE,TRUE
Blautia_SGB59878,-1.2292445489563724,0.008249200091980751,NA,NA,0.30784611544306667,0.0036737725415107456,NA,NA,-3.993048758101708,2.245430276036762,NA,NA,1,1,1,1,1,1,1,1,FALSE,FALSE,FALSE,FALSE,TRUE,FALSE,TRUE,TRUE
Lactococcus_lactis,2.0704563557770874,-0.022708856365928363,-0.011104391173818307,-0.6511692375490371,0.4648575260410356,0.0031884122928885735,0.010832284513054572,0.38480616592209244,4.4539589869828555,-7.122308622563693,-1.025119969885928,-1.6922006329827686,0.004310815526315413,3.854380294920838e-4,0.34484748386269337,0.141555399148041,0.07952474436005684,0.05942988344340438,0.9667978299964884,0.38965787292363974,FALSE,FALSE,FALSE,FALSE,TRUE,TRUE,TRUE,TRUE
Bacteroides_uniformis,0.8881040155574956,0.007609977247627911,-0.015396061662492251,-2.4671646582541134,0.8706782834761434,0.009713604744942483,0.041523831307490516,0.8393895262369411,1.020013973487177,0.7834349294055994,-0.37077651983705423,-2.9392368872109174,0.3375738723348904,0.4559370705166522,0.7204296618891051,0.018731498430887592,0.7785487506101977,1,1,0.1410371646560948,FALSE,FALSE,FALSE,FALSE,TRUE,TRUE,TRUE,TRUE
Parabacteroides_merdae,1.7593231525063158,0.010307062203627619,0.0010952074829749861,-3.902547236311775,0.5386893202549508,0.009498943204481676,0.021657409943141023,0.7443594687250311,3.2659328602870086,1.085074621644718,0.05056964271583372,-5.2428260810549165,0.01712114566354173,0.3195504269785885,0.9613099180601186,0.0019331140994317156,0.13622461500451188,0.9246400542260687,1,0.06236674171814748,FALSE,FALSE,FALSE,FALSE,TRUE,FALSE,TRUE,TRUE
Parabacteroides_distasonis,2.119679895075387,0.007069267759563086,-0.06126912867268018,-1.7175069580422044,0.5678961559315174,0.00957051784924382,0.031116918231433734,0.876541489756272,3.732513194421057,0.7386504963387784,-1.9689973221958479,-1.9594131916331403,0.003308968634526984,0.4755847453472405,0.07465945230719795,0.07589033170505279,0.07059133086990899,1,0.4778204947660669,0.28015225006598815,FALSE,FALSE,FALSE,FALSE,TRUE,TRUE,TRUE,TRUE
Gemmiger_formicilis,4.541865250891168,0.00155410486394411,-0.028733317358187852,-2.888605169882631,0.5716799003677867,0.011025656841710817,0.03590496973299642,0.9944112014972185,7.94476987553557,0.14095349476729807,-0.8002601748966837,-2.9048397338379246,0.015476170226678517,0.9008222238883893,0.5075127424134294,0.1008925894860783,0.13385073330948064,1,1,0.3176427715592578,FALSE,FALSE,FALSE,FALSE,TRUE,TRUE,TRUE,TRUE
Anaerostipes_caccae,NA,NA,NA,NA,NA,NA,NA,NA,NA,NA,NA,NA,1,1,1,1,1,1,1,1,FALSE,FALSE,FALSE,FALSE,TRUE,TRUE,TRUE,TRUE
Bifidobacterium_breve,-4.03850880254056,-0.05517790084794869,0.2165659336423338,6.821671849332761,0.446590801505481,0.008206885287209299,0.026223676704601784,0.7371212246667771,-9.042973542953717,-6.723366894617776,8.258412276884513,9.254477582593779,1,1,1,1,1,1,1,1,FALSE,FALSE,FALSE,FALSE,TRUE,TRUE,TRUE,TRUE
Acidaminococcus_intestini,NA,NA,NA,NA,NA,NA,NA,NA,NA,NA,NA,NA,1,1,1,1,1,1,1,1,FALSE,FALSE,FALSE,FALSE,TRUE,TRUE,TRUE,TRUE
Dialister_invisus,-3.884351590857772,0.03133254018782734,0.03922673163057413,0.6687956961566138,0.9883753334924195,0.006317327933984864,0.026456518695439135,0.7998835512766741,-3.930036959878829,4.959777379811167,1.4826868221833156,0.836116326044167,0.007712416475955129,0.0025528205539941634,0.18867643709148463,0.435116504870064,0.11613991869673607,0.1089203436370843,0.6900166842202866,0.891118601973891,FALSE,FALSE,FALSE,FALSE,TRUE,TRUE,TRUE,TRUE
Parasutterella_SGB9260,1.1304550559538704,0.031306404758571965,-0.20593222416985899,0.5529268231943734,0.299126532543607,0.002366357930520467,0.00796730444487913,0.2391104230397583,3.7791868422406543,13.229784199081962,-25.847163942909066,2.312432959488491,1,1,1,1,1,1,1,1,FALSE,FALSE,FALSE,FALSE,TRUE,TRUE,TRUE,TRUE
Ruminococcus_bromii,1.6126264732947513,0.016360634674618117,-0.07421803400103723,-1.5524142226157407,0.6953933098407545,0.006047109810088453,0.0349581702335737,0.7284524794618044,2.3190134999487464,2.7055296147133805,-2.123052594147462,-2.131112552136134,0.05952933337330312,0.03531532611794245,0.07795395179897528,0.07709079888674703,0.2673598130450105,0.29683457818948733,0.48673686976921154,0.28015225006598815,FALSE,FALSE,FALSE,FALSE,TRUE,TRUE,TRUE,TRUE
Mediterraneibacter_faecis,-0.8599468455129402,-0.013427554686365091,0.006873529436598911,2.6362227277694346,0.6372604763004202,0.010227321058597846,0.03226617419980039,0.7347595231401461,-1.3494432457278902,-1.312910253763559,0.21302585779263017,3.5878714664397866,0.22588500507580206,0.2371905683683562,0.8383603571302797,0.011533361390952315,0.5893347845746094,0.7784716090038357,1,0.10935335244754786,FALSE,FALSE,FALSE,FALSE,TRUE,TRUE,TRUE,TRUE
Faecalicatena_fissicatena,-0.10306114348315588,-0.006922224920668456,0.048740545010657825,-0.9677713346570952,0.3798775747238965,0.003264619066549545,0.013828129138068466,0.3998460569090567,-0.27130094098885155,-2.1203775324343503,3.5247389233932176,-2.420359830826619,0.8115967595859522,0.16806354310465246,0.07191587903321038,0.1365841668732966,1,0.6516327768490092,0.4724051615829252,0.38144465257032917,FALSE,FALSE,FALSE,FALSE,TRUE,TRUE,TRUE,TRUE
Blautia_obeum,3.0714602247751475,0.0013990689979341744,-0.06353945402225374,-2.78571717982973,0.7889826154259405,0.010000991139366542,0.028286242945548344,0.8557214886754959,3.892937771660517,0.1398930344440632,-2.2463023507423245,-3.2554016893294606,0.0021372186212422375,0.8910650899063612,0.044291364748271764,0.006887103809136166,0.06832997871353992,1,0.3657609475986313,0.09012332614872176,FALSE,FALSE,FALSE,FALSE,TRUE,TRUE,TRUE,TRUE
Collinsella_aerofaciens,2.0292573360658763,-0.0013222874647290006,-0.026730759651808232,-1.899642777521104,0.8921624613858241,0.008828223665625067,0.03354413758455927,0.9705008723006814,2.2745379052530037,-0.14977956096396414,-0.7968831985745458,-1.9573838949961861,0.043955886620209585,0.8836494946155948,0.4423794449461378,0.07615336010118035,0.22505413949547307,1,1,0.28015225006598815,FALSE,FALSE,FALSE,FALSE,TRUE,TRUE,TRUE,TRUE
Eubacterium_ramulus,-0.6139256508300905,0.01340797485951328,0.01078196937084674,-0.8800741778855713,0.46559955653227597,0.006464091110689873,0.03169066122470174,0.5213425376508983,-1.3185700935854143,2.0742243000473932,0.34022544668277793,-1.688092020749105,0.31805845851881964,0.1737670435252411,0.7660978176526548,0.23344960879432344,0.7539163461186835,0.6516327768490092,1,0.5335991058155964,FALSE,FALSE,FALSE,FALSE,FALSE,TRUE,TRUE,TRUE
Roseburia_lenta,NA,NA,NA,NA,NA,NA,NA,NA,NA,NA,NA,NA,1,1,1,1,1,1,1,1,FALSE,FALSE,FALSE,FALSE,TRUE,TRUE,TRUE,TRUE
Solobacterium_SGB6829,0.009795607754318472,0.006555983022656238,-0.07520131770049476,1.7562419887386105,0.5652630108687878,0.007223471996091212,0.02961980033277612,0.6337360534945831,0.017329291968464368,0.907594440208785,-2.5388867195461784,2.771251499822745,0.9872619975093007,0.4310021528753657,0.0847620250472069,0.06949585103574665,1,1,0.5046297305136038,0.27370673638694065,FALSE,FALSE,FALSE,FALSE,TRUE,TRUE,TRUE,TRUE
Peptostreptococcus_SGB749,NA,NA,NA,NA,NA,NA,NA,NA,NA,NA,NA,NA,1,1,1,1,1,1,1,1,FALSE,FALSE,FALSE,FALSE,TRUE,TRUE,TRUE,TRUE
Eubacterium_sulci,1.0200362487399097,0.018088272916176183,-0.07370103253194878,-1.2630432793797988,0.375890799762727,0.00370389647746808,0.014804054639325418,0.4013050924324005,2.7136504787661355,4.883579502346408,-4.9784355926497135,-3.1473392767687276,0.07293919279043357,0.016417148654674543,0.015575824128050307,0.05137094276278593,0.31120722257251654,0.23348833642203792,0.23455358686946343,0.24557139852477125,FALSE,FALSE,FALSE,FALSE,TRUE,TRUE,TRUE,TRUE
Limosilactobacillus_mucosae,-12.389559844274208,0.5873566031961649,NA,NA,0.7294943143248322,0.010546949710521746,NA,NA,-16.983764781965572,55.689713075071545,NA,NA,1,1,1,1,1,1,1,1,FALSE,FALSE,FALSE,FALSE,TRUE,TRUE,TRUE,TRUE
Candidatus_Cibionibacter_quicibialis,1.9771303925822536,-0.015350173068765344,-0.035954748289873384,-0.6200216073404893,0.58417305242130535,0.007393305752632301,0.031119897713690392,0.7199772816788466,3.38449434527553,-2.076225924147678,-1.1553620330203085,-0.8611682939421642,0.014775621773259225,0.08316790349756627,0.2918699963779519,0.42222035223294646,0.13385073330948064,0.4299673314791292,0.8688223147994848,0.8716807271905991,FALSE,FALSE,FALSE,FALSE,TRUE,TRUE,TRUE,TRUE
Pediococcus_acidilactici,NA,NA,NA,NA,NA,NA,NA,NA,NA,NA,NA,NA,1,1,1,1,1,1,1,1,FALSE,FALSE,FALSE,FALSE,TRUE,TRUE,TRUE,TRUE
Drancourtella_massiliensis,-1.8031736305630943,0.005853799900626622,NA,NA,0.3058505565266538,0.0034422356463087913,NA,NA,-5.895603562212102,1.7005808149432826,NA,NA,1,1,1,1,1,1,1,1,FALSE,FALSE,FALSE,FALSE,TRUE,TRUE,TRUE,TRUE
Anaeromassilibacillus_senegalensis,NA,NA,NA,NA,NA,NA,NA,NA,NA,NA,NA,NA,1,1,1,1,1,1,1,1,FALSE,FALSE,FALSE,FALSE,TRUE,TRUE,TRUE,FALSE
Gordonibacter_urolithinfaciens,-0.4297731592575255,0.006947958969992741,0.0049531331891889,-1.1950972489072613,0.39245132795728427,0.005460050824949445,0.022305330000167208,0.39090173148301355,-1.0950992610841757,1.272508112606639,0.2220605204743337,-3.05728307821321,0.3233979337818321,0.2591549338572046,0.8330519101005116,0.028189173688656637,0.7595401013591654,0.8292957883430548,1,0.17601045034868534,FALSE,FALSE,FALSE,FALSE,TRUE,TRUE,TRUE,TRUE
Schaalia_meyeri,-4.766203386358085,-0.005203510705460874,0.2687310720506689,0.9682670049457939,0.6538677145685234,0.004924724712104546,0.021851166148054452,0.5159021366242661,-7.289247167530246,-1.056609457310598,12.298248534190735,1.8768424013157115,0.08679502757091019,0.4824810674962405,0.05165144150326946,0.31165697550224436,0.338109503103697,1,0.4006899704496055,0.6788070472746743,FALSE,FALSE,FALSE,FALSE,TRUE,TRUE,TRUE,TRUE
Faecalicatena_contorta,1.1015071874375968,0.014559778909701223,-0.05039915221966361,-2.9556263762403234,0.37171884867831073,0.004442201176919066,0.016123973280395585,0.3788212193805316,2.9632804237776287,3.2776045770622453,-3.1257278428352193,-7.80216689306243,0.20719643264876186,0.1885221462330296,0.1971199865309598,0.08115280466375997,0.5702233913663541,0.684552600688021,0.6995554803236209,0.2807448377557102,FALSE,FALSE,FALSE,FALSE,FALSE,FALSE,FALSE,TRUE
Massilioclostridium_coli,1.3069646434790005,0.0179031869926467,-0.06497358618423453,-0.6982858063537919,0.4192668353099302,0.005723440176768605,0.027602100919311673,0.4532596705836805,3.1172621667365292,3.128046496461269,-2.3539362592061273,-1.5405866695675383,0.05258338078577451,0.05214454597139962,0.09994803252835174,0.22106442852991873,0.24928417557700505,0.32558545777264153,0.5545645696627515,0.5191971899418275,FALSE,FALSE,FALSE,FALSE,TRUE,TRUE,TRUE,TRUE
Clostridiales_bacterium_KLE1615,-1.1611262873076182,0.0036386596032188813,0.01931480328740544,-0.935215105358043,0.5815994321300577,0.008827592627218514,0.03695578160738578,0.7436946309808292,-1.9964364185416987,0.4121916083893177,0.52264632074634,-1.2575256918617592,1,1,1,1,1,1,1,1,FALSE,FALSE,FALSE,FALSE,TRUE,TRUE,TRUE,TRUE
Merdimonas_faecis,NA,NA,NA,NA,NA,NA,NA,NA,NA,NA,NA,NA,1,1,1,1,1,1,1,1,FALSE,FALSE,FALSE,FALSE,TRUE,TRUE,TRUE,TRUE
Clostridia_bacterium_UC5_1_1D1,-0.4060918723444204,0.004811981669027325,0.04125925950895438,-1.685661340194364,0.7182687128222944,0.008150622363139414,0.031880568115826034,0.7614837848308875,-0.5653759729402147,0.5903821149645155,1.294182065986227,-2.2136536243758895,0.5923148339248152,0.5764792044298246,0.24318006645870244,0.06879633322746322,1,1,0.7981294488901003,0.27370673638694065,FALSE,FALSE,FALSE,FALSE,TRUE,TRUE,TRUE,TRUE
Clostridioides_difficile,14.022642586040766,0.16186473512140298,-0.8353395029493708,-7.257022494808902,0.5762588764807874,0.005909702578599256,0.0216318713386016,0.55925244368288,24.333929000238633,27.389658441959845,-38.616146050144344,-12.976291077100674,1,1,1,1,1,1,1,1,FALSE,FALSE,FALSE,FALSE,TRUE,TRUE,TRUE,TRUE
Lactiplantibacillus_plantarum,NA,NA,NA,NA,NA,NA,NA,NA,NA,NA,NA,NA,1,1,1,1,1,1,1,1,FALSE,FALSE,FALSE,FALSE,TRUE,TRUE,TRUE,TRUE
Clostridiaceae_bacterium,-2.733271709661383,0.014854108832492422,0.08579184101373145,-1.0880432351244609,0.823572581999467,0.004503690628952735,0.025585973328152056,0.6382152994681414,-3.318798815552546,3.2982080822781827,3.353080999241695,-1.704821611188552,0.010558939351873249,0.010887904825558589,0.010034292706401533,0.1266251774589334,0.12236165534918292,0.1990931168102142,0.18348420948848515,0.360178282549855,FALSE,FALSE,FALSE,FALSE,TRUE,TRUE,TRUE,TRUE
Blautia_glucerasea,-0.3781349385923149,-0.005931964574171377,0.02287707524029319,-0.7650116895142355,0.8781872945996698,0.006372966577835633,0.01872499448550184,0.7164661690708908,-0.4305857542207911,-0.9308011428777917,1.221740025504743,-1.067756891447224,0.6781351528200168,0.3791885066717898,0.25658246351017516,0.31678850548979753,1,0.9771791121597041,0.8148647508955679,0.6814946000452787,FALSE,FALSE,FALSE,FALSE,TRUE,TRUE,TRUE,TRUE
Schaalia_SGB17168,0.6933294993249565,-0.02525968428039532,-0.05089422125066876,2.8593599842879986,0.42606571920787417,0.0035255403278720153,0.012779133089642339,0.3381907638516545,1.6272829943088811,-7.16476963281309,-3.9826035845826833,8.454873077321063,0.3507956588706239,0.08828386850812885,0.15661240293366102,0.07494800741865379,0.794567938152999,0.4431503987859017,0.6264496117346441,0.28015225006598815,FALSE,FALSE,FALSE,FALSE,TRUE,TRUE,TRUE,TRUE
TM7_phylum_sp_oral_taxon_352,NA,NA,NA,NA,NA,NA,NA,NA,NA,NA,NA,NA,1,1,1,1,1,1,1,1,FALSE,FALSE,FALSE,FALSE,TRUE,TRUE,TRUE,TRUE
GGB3256_SGB4303,1.316435881570101,-0.004937012966742561,-0.1132499491688486,3.4690512842682644,0.299126532543607,0.002366357930520467,0.00796730444487913,0.2391104230397583,4.400933178263581,-2.0863339831505088,-14.214336850355753,14.508155856055865,1,1,1,1,1,1,1,1,FALSE,FALSE,FALSE,FALSE,TRUE,TRUE,TRUE,TRUE
Dorea_sp_AF36_15AT,-2.464531014758193,0.009862735520553197,0.06832485206460721,-0.06698994427585848,0.5022237803466052,0.005339755360347174,0.0179839370069575,0.4980420709210806,-4.9072367960300864,1.847038835110969,3.7992154909224922,-0.1345065973080689,0.002691174811910607,0.11425809379841231,0.008976033580763257,0.897400568533095,0.06832997871353992,0.5226816357268769,0.18348420948848515,1,FALSE,FALSE,FALSE,FALSE,TRUE,TRUE,TRUE,TRUE
Clostridiaceae_bacterium_Marseille_Q3526,-0.702087086803703,0.003132732217746133,0.052805894452279685,-1.696719949063445,0.4141475664709127,0.0059250329768470705,0.025319366304094208,0.47189726541042126,-1.6952582693806881,0.5287282332415263,2.085593052292973,-3.595528250386795,1,1,1,1,1,1,1,1,FALSE,FALSE,FALSE,FALSE,TRUE,TRUE,TRUE,TRUE
Clostridium_SGB6179,-4.1827685236338015,0.0380814362602181,0.1832265097421281,-4.2436313155124425,0.29737147530891883,0.002360807189647682,0.007951791452412333,0.23838014972585245,-14.065802778456172,16.130684634987592,23.042167395693294,-17.80194919917956,0.04518408534007388,0.03941593969474751,0.02761114146458615,0.03572369617280197,0.2268063891580179,0.29683457818948733,0.2904222458282861,0.20784695955084784,FALSE,FALSE,FALSE,FALSE,TRUE,TRUE,TRUE,TRUE
GGB9512_SGB14909,-2.9589003512445204,0.06728890678616545,0.018356734206552615,NA,0.2994795856686441,0.002375801373016715,0.008023077463120119,NA,-9.880140393002826,28.322614655586374,2.2879916454669016,NA,1,1,1,1,1,1,1,1,FALSE,FALSE,FALSE,FALSE,TRUE,TRUE,TRUE,TRUE
Clostridium_sp_AT4,2.520379510176338,-2.0002260941679362e-4,-0.07021652920110508,-1.5306816697063044,0.3979416411323728,0.004535038909673479,0.019182645235369288,0.38981860379275746,6.333540523691889,-0.04410604041128176,-3.6604195271066495,-3.9266511521345286,0.09969264296467951,0.971939408986615,0.1697770906361527,0.15875326476068397,0.3753134793964405,1,0.6487005254157476,0.418977688440568,FALSE,FALSE,FALSE,FALSE,TRUE,TRUE,TRUE,TRUE
Clostridium_SGB4750,-1.3815326733842987,0.02808741464660184,0.07050956698460413,-2.852422127779158,0.299126532543607,0.002366357930520467,0.00796730444487913,0.2391104230397583,-4.618556106128424,11.869470076500292,8.849864778284347,-11.929309026001217,1,1,1,1,1,1,1,1,FALSE,FALSE,FALSE,FALSE,TRUE,TRUE,TRUE,TRUE
Actinomyces_gerencseriae,1.2259496115604749,0.002822935027431077,-0.07731844987976902,1.038979069719277,0.3017788590441819,0.002383064864543828,0.008110813409560456,0.2421689231533768,4.062410519555281,1.1845816995717613,-9.532761509299606,4.290307179758335,0.15365493195495472,0.44633759019399377,0.06653894406098249,0.14578276246523808,0.4797032022008343,1,0.4724051615829252,0.3930848966797695,FALSE,FALSE,FALSE,FALSE,TRUE,TRUE,TRUE,TRUE
Phascolarctobacterium_faecium,1.8806502235147484,0.04302649307356238,-0.09989054760073918,0.29477781697257455,0.38545750622985037,0.0033708669360887093,0.018530783709402764,0.39667753077438767,4.879007914281754,12.764221753436212,-5.390519320024948,0.7431170008472976,0.12869900364856557,0.04977366289388165,0.11677242604684646,0.5931481343819431,0.44522898559503765,0.32558545777264153,0.5698934959924856,1,FALSE,FALSE,FALSE,FALSE,TRUE,TRUE,FALSE,TRUE
Sutterella_wadsworthensis,1.851534725214148,-0.006629970854012462,-0.0583497862799437,0.7821940135682958,0.299126532543607,0.002366357930520467,0.00796730444487913,0.2391104230397583,6.189804393043032,-2.8017616306059994,-7.323654654297438,3.271266905158023,1,1,1,1,1,1,1,1,FALSE,FALSE,FALSE,FALSE,TRUE,TRUE,TRUE,TRUE
Fusicatenibacter_sp_CLA_AA_H277,-0.43571033684629723,0.0540082252696309,-0.028674079449097854,NA,0.3020638268196761,0.0026900157047509165,0.011110265254727051,NA,-1.442444603293742,20.077289948250254,-2.5808636240163554,NA,1,1,1,1,1,1,1,1,FALSE,FALSE,FALSE,FALSE,TRUE,TRUE,TRUE,TRUE
Lachnospiraceae_bacterium,1.1107949777486565,-0.007271117292485027,0.0024373512501261116,-1.312900964571028,0.4040988125463794,0.003244608387418785,0.018082954397224873,0.42082881832312735,2.7488201975876083,-2.240984557852755,0.13478722539388605,-3.11979813978171,0.11078254500865468,0.15431605294447712,0.905120995562611,0.08920767890616726,0.39562290307448483,0.6399040944175622,1,0.2948542268616405,FALSE,FALSE,FALSE,FALSE,TRUE,TRUE,TRUE,TRUE
Leuconostoc_carnosum,NA,NA,NA,NA,NA,NA,NA,NA,NA,NA,NA,NA,1,1,1,1,1,1,1,1,FALSE,FALSE,FALSE,FALSE,TRUE,TRUE,TRUE,TRUE
Eubacterium_ventriosum,NA,NA,NA,NA,NA,NA,NA,NA,NA,NA,NA,NA,1,1,1,1,1,1,1,1,FALSE,FALSE,FALSE,FALSE,FALSE,FALSE,TRUE,TRUE
GGB3819_SGB5184,-1.8576044730682022,0.02131129657323216,0.026329756328851928,-1.5863690147517142,0.43056942766564116,0.008106894720933568,0.019055797312757215,0.4188553665510574,-4.314297192764753,2.628786644805227,1.3817189539072732,-3.7873909264054757,0.14499994468429506,0.23141107633953856,0.398829109928696,0.1643388785688709,0.4639998229897442,0.7693666953626217,1,0.4292933970778668,FALSE,FALSE,FALSE,FALSE,TRUE,TRUE,TRUE,TRUE
Pseudoflavonifractor_phocaeensis,-2.622816572446893,0.01340443266380352,0.01942131453489888,NA,0.5528479438309976,0.007306487997586489,0.03025093803396243,NA,-4.744191602254874,1.8345931271263747,0.6420070185293019,NA,1,1,1,1,1,1,1,1,FALSE,FALSE,FALSE,FALSE,TRUE,TRUE,TRUE,TRUE
Bacteroides_caccae,0.3792749908475862,0.02962060883616629,-0.047888487669208425,-2.793959685398685,0.311695652075019,0.002605142372257018,0.008974127527401708,0.25573076061486105,1.2168119392191656,11.37005376428002,-5.3362833905563685,-10.925395438081383,0.43793376229793635,0.05584721837666609,0.11793242046829315,0.05810781426751188,0.9041710895458387,0.34040209296253615,0.5698934959924856,0.24629278289943252,FALSE,FALSE,FALSE,FALSE,TRUE,TRUE,TRUE,TRUE
Alistipes_onderdonkii,2.6980194380755638,1.9764274003827947e-5,-0.05291370500382441,-2.0892607164059935,0.506486078519372,0.006151616194000869,0.019688098673834486,0.4902040048664936,5.326937012687053,0.0032128587643524167,-2.6875985274366188,-4.262022944865579,0.0017833407915324008,0.9975406722523852,0.03616814833534063,0.0053094184944403365,0.06832997871353992,1,0.3192774473740414,0.08577269404726413,FALSE,FALSE,FALSE,FALSE,TRUE,FALSE,TRUE,TRUE
Bacteroides_thetaiotaomicron,1.1241453824785497,0.014282699555235819,-0.02575617268035214,-3.2555196915373386,0.3710471186723881,0.004130364330373111,0.01415788295970573,0.31591814415603,3.0296566821506605,3.4579757166229474,-1.8192107360723286,-10.304946872343798,0.056326310327422253,0.04069996434776275,0.16645170923032063,0.0019489606786921088,0.2600054790553069,0.2976911678007789,0.6456308721660922,0.06236674171814748,FALSE,FALSE,FALSE,FALSE,TRUE,FALSE,TRUE,TRUE
GGB3433_SGB4573,11.116954587312495,-0.2513391592870429,-0.4910450233953882,9.928661316079797,0.41024105428814844,0.005352534698328878,0.01984769972264164,0.48346445120209175,27.098591111517763,-46.95703502221365,-24.7406515746114,20.53648679110337,1,1,1,1,1,1,1,1,FALSE,FALSE,FALSE,FALSE,TRUE,TRUE,TRUE,TRUE
Klebsiella_pneumoniae,3.6559601380835733,-0.13425670486543345,0.00647318499205804,4.66828086109081,0.37770254086470617,0.002908836949394796,0.010569870980427117,0.43868599390963614,9.67946927154283,-46.154771546533915,0.6124185436174989,10.641508791941094,0.06553760482752377,0.01379099416759352,0.650176940364876,0.05964903335845632,0.28926942820424284,0.2076761474649377,1,0.24629278289943252,FALSE,FALSE,FALSE,FALSE,TRUE,TRUE,TRUE,TRUE
Blautia_SGB4815,1.3235127156289188,-0.007971622416218774,0.02849849758844889,-1.3427527204815617,0.35984450170815213,0.0056148594460290364,0.03028678654916246,0.30537177202259463,3.678012889863019,-1.4197367704113228,0.9409548134857172,-4.397108192378078,0.01432322632536983,0.21491416819069625,0.3899300301908539,0.0070408848553688876,0.13385073330948064,0.7434868521191654,1,0.09012332614872176,FALSE,FALSE,FALSE,FALSE,TRUE,TRUE,TRUE,TRUE
Faecalibacillus_intestinalis,1.2410940782424655,-0.003793277401139174,-0.01258960514197561,-0.6555630635022739,0.4382411466867157,0.002941944406945829,0.011781941235670891,0.3470755787373575,2.8319889349177956,-1.2893776619923125,-1.068551004469403,-1.8888193340689006,0.10534788033145664,0.32626107972977403,0.3971546673278571,0.19951185262966278,0.38527224806932714,0.9274810633592175,1,0.5007356301293497,FALSE,FALSE,FALSE,FALSE,TRUE,TRUE,TRUE,TRUE
Lentihominibacter_faecis,-0.4382991314680708,0.0015417081767093842,-1.599146870601327e-4,0.7101394791135541,0.31678915680925296,0.002724083097572757,0.008755514476808727,0.27601016816822116,-1.3835673413909877,0.5659548998645064,-0.018264453503413037,2.5728743394726754,0.26046766982143355,0.6109932204485986,0.9865747005732977,0.08228731617075208,0.6487142916151596,1,1,0.2808740391961671,FALSE,FALSE,FALSE,FALSE,TRUE,TRUE,TRUE,TRUE
Roseburia_intestinalis,1.5700220695278404,0.0049713859316085724,-0.057893093497551736,-1.5203158241238268,0.37717108271808336,0.004060191049006845,0.019896273254117046,0.332520796542358,4.162625772404068,1.2244216766165752,-2.9097455969837056,-4.572092452359328,0.1500928272199365,0.43598809705716907,0.21073827307927917,0.13708167201746205,0.47436745392967583,1,0.7193199721106063,0.38144465257032917,FALSE,FALSE,FALSE,FALSE,TRUE,TRUE,TRUE,TRUE
Clostridium_sp_AM49_4BH,3.126760638539741,-0.032810955639377505,0.010725046401249917,NA,0.5342351156812015,0.0071871004092038055,0.029182333725331164,NA,5.852780071472498,-4.565256330266344,0.3675184617582605,NA,1,1,1,1,1,1,1,1,FALSE,FALSE,FALSE,FALSE,TRUE,TRUE,TRUE,TRUE
Roseburia_inulinivorans,-0.6492607671832197,0.01399370844435057,0.0067232161335426905,NA,0.35261097668519215,0.005103669522966595,0.024450213757352325,NA,-1.8412948266295004,2.741891570639254,0.274975760959185,NA,1,1,1,1,1,1,1,1,FALSE,FALSE,FALSE,FALSE,TRUE,FALSE,FALSE,TRUE
Ruminococcus_bicirculans,-6.18478376319062,0.11298209448283719,0.10693211044391428,-9.278228521931954,0.7493648658022343,0.003691547934532761,0.017996461859871006,0.5773070998908595,-8.253367679000384,30.605614903694143,5.941840750506318,-16.07156489793043,0.07676038157177105,0.020793353547753645,0.10614712466201102,0.03956056012169973,0.3221419292192359,0.25021204010910025,0.5545645696627515,0.22016311719902457,FALSE,FALSE,FALSE,FALSE,TRUE,TRUE,TRUE,TRUE
Faecalibacterium_SGB15346,0.15360686436285054,0.026015818103097138,-0.042033717866974823,-5.178083071462012,0.3259173471245321,0.0030583678488066996,0.01151374251929756,0.2909996759682242,0.47130619378832206,8.506438528396076,-3.650743257157643,-17.794119715883927,1,1,1,1,1,1,1,1,FALSE,FALSE,FALSE,FALSE,TRUE,TRUE,TRUE,TRUE
Roseburia_hominis,0.09838296535522222,-0.03212524483870708,0.01803850997457501,4.831831407868246,0.34293991485569275,0.006526048838988226,0.01926208790134107,0.28126239311316814,0.2868810572738995,-4.9226179011690725,0.9364773988659416,17.179088019506825,0.8011936985165948,0.03887684012741826,0.44788679997433456,0.0033713143253140065,1,0.29683457818948733,1,0.07192137227336547,FALSE,FALSE,FALSE,FALSE,TRUE,FALSE,TRUE,TRUE
Lachnospiraceae_bacterium_CLA_AA_H244,2.8666786702500144,-0.010357830650783979,-0.09614424459022021,-0.9336308700277777,0.2977470393872597,0.002437822438011658,0.008846788602004163,0.23851839189400237,9.627899831176883,-4.248804379383781,-10.867700011328356,-3.914292992729397,1,1,1,1,1,1,1,1,FALSE,FALSE,FALSE,FALSE,TRUE,TRUE,TRUE,TRUE
Bacteroides_ovatus,0.6361929142808435,-0.022432587101949047,-0.008136346872587817,1.5609409130662344,0.8256700557444273,0.007199629994946471,0.02419678564990173,0.6186758460676499,0.77051712103965,-3.115797217036823,-0.33625734386008665,2.523035161284689,0.47023517943139825,0.020695390873850653,0.7481250509918773,0.045101822486514655,0.9404703588627965,0.25021204010910025,1,0.22996522127129157,FALSE,FALSE,FALSE,FALSE,TRUE,TRUE,TRUE,FALSE
Wansuia_hejianensis,0.3267092377472249,0.006902986102553458,0.006245643686959276,-3.043970975613741,0.5709874641832587,0.006994388332222781,0.02949172566210325,0.6577784203738269,0.5721828555633007,0.9869320624866883,0.21177613539871298,-4.627654056944889,0.5919624568915978,0.3689965598307239,0.8406435630991022,0.005695842964076134,1,0.9755489290812122,1,0.08577269404726413,FALSE,FALSE,FALSE,FALSE,TRUE,TRUE,TRUE,FALSE
Clostridium_fessum,0.4554559642706349,-4.467679890388354e-4,0.04942368198522299,-2.048770993626654,0.6260753568959624,0.004280701266117599,0.01524256218601725,0.5523231922023053,0.7274778654901122,-0.10436794377011821,3.242478618887431,-3.709369844596764,0.5072284241575038,0.9219011678247184,0.03159973184224801,0.020665409899409126,1,1,0.2904222458282861,0.15115271240710676,FALSE,FALSE,FALSE,FALSE,TRUE,FALSE,FALSE,TRUE
GGB3109_SGB4121,-0.12047758542507836,-0.022167743943640968,0.054731701431808236,2.487230422579789,0.43607710330717336,0.006575585239616811,0.025903179264075992,0.5156855149325805,-0.2762758799106537,-3.3712199197242527,2.1129337396708396,4.823153551064865,0.7960233453749921,0.028012066624029164,0.10215206762664915,0.008503491963203925,1,0.2795161113840231,0.5545645696627515,0.09070391427417519,FALSE,FALSE,FALSE,FALSE,TRUE,FALSE,TRUE,FALSE
Clostridium_leptum,NA,NA,NA,NA,NA,NA,NA,NA,NA,NA,NA,NA,1,1,1,1,1,1,1,1,FALSE,FALSE,FALSE,FALSE,TRUE,TRUE,TRUE,FALSE
GGB9359_SGB14334,-4.167538847239376,0.3176770423881727,-0.34218972743020276,NA,0.32443723759540805,0.003060189001671169,0.011301119850724134,NA,-12.845439315558892,103.80961509720127,-30.279276031947976,NA,1,1,1,1,1,1,1,1,FALSE,FALSE,FALSE,FALSE,TRUE,TRUE,TRUE,TRUE
Gordonibacter_pamelaeae,NA,NA,NA,NA,NA,NA,NA,NA,NA,NA,NA,NA,1,1,1,1,1,1,1,1,FALSE,FALSE,FALSE,FALSE,TRUE,TRUE,TRUE,FALSE
Zhenpiania_hominis,-1.950330816283607,0.6707656721128735,-1.2926171083273597,NA,0.43232394359435705,0.005624671435607665,0.02380365550708059,NA,-4.511271802501812,119.25419640807996,-54.30330261429217,NA,1,1,1,1,1,1,1,1,FALSE,FALSE,FALSE,FALSE,TRUE,TRUE,TRUE,TRUE
Alistipes_dispar,3.7933626433972183,0.04851542755127447,-0.2950906683953294,-3.750353845733587,0.412654452791008,0.005100144657127733,0.02045249432129836,0.4526054708910306,9.192588660417039,9.512559116038304,-14.428101715106429,-8.286143422770344,1,1,1,1,1,1,1,1,FALSE,FALSE,FALSE,FALSE,TRUE,FALSE,TRUE,TRUE
Brotolimicola_acetigignens,NA,NA,NA,NA,NA,NA,NA,NA,NA,NA,NA,NA,1,1,1,1,1,1,1,1,FALSE,FALSE,FALSE,FALSE,TRUE,TRUE,TRUE,TRUE
Hydrogeniiclostridium_mannosilyticum,0.16496210589953245,0.05299452146167809,-0.08067001718225865,-12.284035500606736,0.5166204010750356,0.005044550076086033,0.020573749912789967,0.5204401674579057,0.3193100883284182,10.505301892611103,-3.921016709360746,-23.6031656830183,0.77975780506253,0.00893981621148926,0.059315182451724145,0.0017901609742273182,1,0.17604561154932696,0.4338481916468966,0.06236674171814748,FALSE,FALSE,FALSE,FALSE,TRUE,TRUE,TRUE,FALSE
Lacrimispora_amygdalina,-1.0004389065560897,-0.031420005577818315,0.05842520063614301,5.221733170200922,0.4240958129045369,0.005218322792871461,0.020825306067547598,0.4676416333785678,-2.358992652401608,-6.021092758144419,2.8054906106368307,11.166099845463922,1,1,1,1,1,1,1,1,FALSE,FALSE,FALSE,FALSE,TRUE,FALSE,TRUE,TRUE
Dysosmobacter_welbionis,-0.5210872284901432,0.027799482219896112,-0.03258940553919881,-3.612188357570464,0.5868843834497831,0.007758674910687975,0.03166309730862109,0.7308871123956002,-0.887887364504614,3.583019335118796,-1.0292551363989748,-4.942197360315925,0.46827791162690424,0.06983270580542905,0.4115530510638338,0.038586978461398615,0.9404703588627965,0.4062993792315872,1,0.21951703302484546,FALSE,FALSE,FALSE,FALSE,TRUE,FALSE,TRUE,TRUE
Massilimicrobiota_timonensis,-0.021024461283211254,0.008066738263061826,NA,NA,0.5853523686403804,0.006307351224118727,NA,NA,-0.0359176154562175,1.2789422970795357,NA,NA,1,1,1,1,1,1,1,1,FALSE,FALSE,FALSE,FALSE,TRUE,TRUE,TRUE,TRUE
Intestinimonas_massiliensis,NA,NA,NA,NA,NA,NA,NA,NA,NA,NA,NA,NA,1,1,1,1,1,1,1,1,FALSE,FALSE,FALSE,FALSE,TRUE,TRUE,TRUE,TRUE
Alistipes_putredinis,2.5638754283680076,-0.01879737914251145,NA,NA,0.6284259518867745,0.009201911824321271,NA,NA,4.079836965151225,-2.0427688833997206,NA,NA,1,1,1,1,1,1,1,1,FALSE,FALSE,FALSE,FALSE,TRUE,TRUE,TRUE,TRUE
Bittarella_massiliensis,NA,NA,NA,NA,NA,NA,NA,NA,NA,NA,NA,NA,1,1,1,1,1,1,1,1,FALSE,FALSE,FALSE,FALSE,TRUE,TRUE,TRUE,FALSE
Rubneribacter_badeniensis,NA,NA,NA,NA,NA,NA,NA,NA,NA,NA,NA,NA,1,1,1,1,1,1,1,1,FALSE,FALSE,FALSE,FALSE,TRUE,TRUE,TRUE,TRUE
Clostridium_methylpentosum,2.0988343725146406,-0.009759992132548835,-0.031326762033569794,NA,0.5715440863470211,0.007999109535397609,0.03304967003466449,NA,3.672217809004332,-1.2201348274278505,-0.9478691315438972,NA,1,1,1,1,1,1,1,1,FALSE,FALSE,FALSE,FALSE,FALSE,FALSE,TRUE,TRUE
GGB9715_SGB15265,0.9870691331802876,0.0044907649227097545,-0.007641961882659379,-1.4068292355737215,0.9279078229611253,0.014104661177270649,0.060539317755045896,1.1963370296362548,1.0637577448483704,0.3183887132252793,-0.12623138426469016,-1.1759472462383505,0.39888032592438327,0.7803626182230179,0.911094393102129,0.3606386999279484,0.850944695305351,1,1,0.7630041915830974,FALSE,FALSE,FALSE,FALSE,TRUE,TRUE,TRUE,TRUE
Enterocloster_citroniae,-18.387368457692105,0.7931307101165469,0.05381659953036099,-133.06326581090673,0.7376060057188781,0.010718746003403938,0.044668119040445944,0.9273151264093054,-24.92844189869576,73.99472940814843,1.2048100678166302,-143.49303922836503,1,1,1,1,1,1,1,1,FALSE,FALSE,FALSE,FALSE,TRUE,TRUE,TRUE,TRUE
GGB9730_SGB15291,NA,NA,NA,NA,NA,NA,NA,NA,NA,NA,NA,NA,1,1,1,1,1,1,1,1,FALSE,FALSE,FALSE,FALSE,TRUE,TRUE,TRUE,TRUE
Akkermansia_muciniphila,-1.9461191313280435,0.01080640984049996,0.06649325737336248,-0.17984718970547184,1.0718112931226593,0.006399182403680298,0.027503097185955554,0.8383350860342805,-1.8157292648579393,1.6887172702383006,2.4176643424478477,-0.21452900242578857,0.16703144930002226,0.18985638534706833,0.09436618233950488,0.8438895221385642,0.509048226438163,0.684552600688021,0.5368387261980722,1,FALSE,FALSE,FALSE,FALSE,TRUE,TRUE,TRUE,TRUE
Mediterraneibacter_butyricigenes,2.1201119035489837,-0.020443752258989596,-0.024487967047996925,1.41452913470061,0.34859868900350127,0.003771822402190295,0.014929202130505696,0.32791363805950974,6.081812612690834,-5.420125891165481,-1.6402729920816905,4.313724622956674,0.008925628427024827,0.012320485500681955,0.19948261743603254,0.022944723159522538,0.12236165534918292,0.2076761474649377,0.6995554803236209,0.15457497707467813,FALSE,FALSE,FALSE,FALSE,TRUE,FALSE,TRUE,TRUE
Alistipes_communis,-23.80563297679275,0.7945351699401897,0.205394568043824,-128.4725350407201,0.3173526021660313,0.0040775497126545055,0.021601050675415588,0.2667652526657755,-75.01319609264843,194.85603510225343,9.508545261531468,-481.5939623204248,1,1,1,1,1,1,1,1,FALSE,FALSE,FALSE,FALSE,TRUE,TRUE,TRUE,TRUE
Vescimonas_coprocola,0.11878298265747482,-2.1484758591406165e-4,0.0279963248583146,-1.170557345257029,1.0331642419031244,0.012793031467894615,0.05693022100645626,1.1438609639990456,0.11497008688441679,-0.01679411064166011,0.4917656099585426,-1.0233388340875367,0.912943195613591,0.9872504056781044,0.6437119518365322,0.3530826669730668,1,1,1,0.7532430228758757,FALSE,FALSE,FALSE,FALSE,TRUE,TRUE,TRUE,TRUE
Eisenbergiella_tayi,1.4493653128674766,-0.05930189610902817,0.12736509964874626,5.421259359890268,0.33559471403510127,0.003235629448021069,0.011026271372894936,0.28087306953084584,4.318796608685205,-18.327777349565654,11.551057954354219,19.30145659370486,0.144854043419982,0.034700833874551244,0.05497647539035884,0.03295352728797652,0.4639998229897442,0.29683457818948733,0.41394052058623126,0.19854962111846597,FALSE,FALSE,FALSE,FALSE,TRUE,FALSE,TRUE,TRUE
Oscillospiraceae_bacterium_Marseille_Q3528,0.45203514567490305,0.004370560492424866,-0.022102567833752466,NA,0.3137966449087909,0.0027437873318637424,0.009940914571165835,NA,1.4405353052971392,1.5928933127102542,-2.2233938009951486,NA,1,1,1,1,1,1,1,1,FALSE,FALSE,FALSE,FALSE,TRUE,TRUE,TRUE,TRUE
Clostridium_sp_AM29_11AC,NA,NA,NA,NA,NA,NA,NA,NA,NA,NA,NA,NA,1,1,1,1,1,1,1,1,FALSE,FALSE,FALSE,FALSE,TRUE,TRUE,FALSE,TRUE
Clostridium_sp_C5_48,-0.277624276292563,0.010706177182452242,-0.028214064377071336,0.22474860141296096,0.6007768163247718,0.0030309930483100604,0.01234789448093498,0.4426742180310672,-0.46210883767272914,3.532234159501456,-2.2849291772482796,0.5077065531681538,0.7244213787310785,0.1756353968850845,0.26262896284772813,0.7009199605162626,1,0.6516327768490092,0.8199148108416878,1,FALSE,FALSE,FALSE,FALSE,TRUE,TRUE,TRUE,TRUE
Escherichia_marmotae,-0.008856045348811806,-0.004205809653953607,-0.07384769834661156,2.961370786763105,0.3059622302377869,0.002833326672971256,0.008384008200902083,0.26617965446426606,-0.02894489735523593,-1.4844068966968267,-8.808161511419547,11.125458828637338,0.9815782495099701,0.37741062511153345,0.07196797383489877,0.05706853104908287,1,0.9771791121597041,0.4724051615829252,0.24629278289943252,FALSE,FALSE,FALSE,FALSE,TRUE,TRUE,TRUE,TRUE
Bilophila_wadsworthia,3.0348496258556485,-0.005948505915670641,-0.027666193180314436,-2.7486210059860183,0.401345774490461,0.005865819146192898,0.01472356137948508,0.3674535307988008,7.561683263536588,-1.0140963721207479,-1.8790422009489387,-7.480186678328657,0.0016393254737282704,0.3678916143622126,0.133428831077703,0.0017078523483479077,0.06832997871353992,0.9755489290812122,0.5963982588113683,0.06236674171814748,FALSE,FALSE,FALSE,FALSE,TRUE,FALSE,TRUE,FALSE
Eubacterium_brachy,8.707736390110345,-0.016427827872213356,-0.2066660247530629,-0.8722380193073764,0.36455603817018306,0.0029825677897540193,0.007987333048118415,0.276160426600715,23.885865212429632,-5.5079478591057285,-25.874221534025985,-3.1584468131217687,0.026637017915147942,0.11433660781525433,0.0245921633174037,0.19520418192013492,0.15925938635853107,0.5226816357268769,0.2737214699676238,0.4997227057155454,FALSE,FALSE,FALSE,FALSE,TRUE,FALSE,TRUE,TRUE
Prevotella_bivia,NA,NA,NA,NA,NA,NA,NA,NA,NA,NA,NA,NA,1,1,1,1,1,1,1,1,FALSE,FALSE,FALSE,FALSE,TRUE,FALSE,TRUE,TRUE
Bifidobacterium_adolescentis,1.7611206277079983,-0.04552390273889026,0.0214420330616644,1.8772574141010268,0.3115435867238681,0.0044466847484495,0.010402154221129578,0.4568125025259334,5.652886795801515,-10.237717606305202,2.0613069760213563,4.109470305039329,0.01095911183664587,0.001986744279226931,0.13133125424936318,0.02609138412501017,0.12236165534918292,0.1089203436370843,0.5963982588113683,0.1669848584000651,FALSE,FALSE,FALSE,FALSE,TRUE,TRUE,TRUE,TRUE
Evtepia_gabavorous,2.6775060776410857,-0.01136637309914814,-0.03798063561155179,-1.2699802204869062,0.40580527615162937,0.004773287947372888,0.011994969542510777,0.38511421952761726,6.598007061496741,-2.381246056065807,-3.1663803294328092,-3.2976715895992346,0.007086565191821242,0.09750810054800829,0.05062157664524034,0.045813383925140116,0.11338504306913987,0.4622606248201874,0.4006899704496055,0.22996522127129157,FALSE,FALSE,FALSE,FALSE,TRUE,TRUE,TRUE,TRUE
Blautia_hydrogenotrophica,3.1525259565382306,0.004580027261342518,-0.11365271416228961,-0.27213775241033455,0.2996567906657229,0.003010385947427498,0.011823167139725796,0.26134600416595033,10.520455583651291,1.5214086636487076,-9.612713143538073,-1.0412929529143735,1,1,1,1,1,1,1,1,FALSE,FALSE,FALSE,FALSE,TRUE,TRUE,TRUE,TRUE
Bacteroides_faecis,7.6960593197574925,0.02503305504150459,-0.20196188675042143,-5.944684977099755,0.299126532543607,0.002366357930520467,0.00796730444487913,0.2391104230397583,25.728440918678963,10.578727215624017,-25.348835123305665,-24.861672283149687,1,1,1,1,1,1,1,1,FALSE,FALSE,FALSE,FALSE,TRUE,TRUE,TRUE,TRUE
Bacteroides_stercoris,3.714696187629448,0.03815405988769662,-0.21665198511268266,-3.1005626082212614,0.3327602022015243,0.002812511940096105,0.00831300573417669,0.26169064336606623,11.16328263732625,13.5658303681345,-26.06181109944099,-11.848198194400233,0.05687619854334839,0.04684345906961941,0.02441532623461623,0.05360431432954075,0.2600054790553069,0.3155769874163834,0.2737214699676238,0.24557139852477125,FALSE,FALSE,FALSE,FALSE,TRUE,TRUE,TRUE,TRUE
Enterocloster_hominis,-5.520434299929195,0.03346790030923275,0.4743033367306488,-8.142208140234176,0.9295133459933315,0.006571267241790927,0.029481930537371605,0.7749998400426115,-5.939058673794233,5.093066387011136,16.08793345908664,-10.506077188075931,0.027199394492224412,0.036456378859652104,0.0038414164816009165,0.008938514470758345,0.15925938635853107,0.29683457818948733,0.13881006283285433,0.09153038818056546,FALSE,FALSE,FALSE,FALSE,FALSE,FALSE,FALSE,FALSE
Firmicutes_bacterium,NA,NA,NA,NA,NA,NA,NA,NA,NA,NA,NA,NA,1,1,1,1,1,1,1,1,FALSE,FALSE,FALSE,FALSE,TRUE,TRUE,TRUE,TRUE
Slackia_isoflavoniconvertens,-1.2489622792240287,0.003615065570412901,0.04293867919075351,1.8595541959924822,0.4481321066393396,0.0026985130046243678,0.010601506034058605,0.34989103728700927,-2.787040385457594,1.339650972301361,4.050243338333995,5.314666561370429,0.2193129661869306,0.4082220130973806,0.1540987257744398,0.11840113411530724,0.5893347845746094,1,0.6264496117346441,0.34056955430919833,FALSE,FALSE,FALSE,FALSE,TRUE,TRUE,TRUE,TRUE
Faecalibacterium_sp_CLA_AA_H233,1.45628018804291,-0.017206807862261256,-0.02272054800955611,1.6441108127193722,0.8358003345652449,0.003714464538040213,0.01646034970893155,0.6039000732409274,1.7423780869870287,-4.632379091533805,-1.3803198845300177,2.7224881823510727,0.22356580509318702,0.0435771637930075,0.30152078066344523,0.11258577839642375,0.5893347845746094,0.30988205363916443,0.8872335614924365,0.331286888154994,FALSE,FALSE,FALSE,FALSE,TRUE,TRUE,TRUE,TRUE
GGB3730_SGB5060,2.6864109632492825,0.007226431381678602,-0.05807859230093238,-1.5384107954031234,0.299126532543607,0.002366357930520467,0.00796730444487913,0.2391104230397583,8.980851482499817,3.053820087178946,-7.289616294035501,-6.433892658653876,1,1,1,1,1,1,1,1,FALSE,FALSE,FALSE,FALSE,TRUE,TRUE,TRUE,TRUE
GGB3600_SGB4859,3.9801103358767556,-0.018796016255071813,-0.015999887298701807,-3.0532432103195113,0.2982205755051376,0.0024909626102633028,0.009372762138564592,0.23922184521186554,13.34619628151106,-7.545683816219551,-1.7070621298357347,-12.763229075569678,1,1,1,1,1,1,1,1,FALSE,FALSE,FALSE,FALSE,TRUE,TRUE,TRUE,TRUE
Neobittarella_massiliensis,-1.6482898894127853,0.020281498530267103,0.03243115136167808,-1.4522268898787924,0.37066505567063185,0.0029864396993913916,0.011059564080717151,0.3387032527857893,-4.446844568152208,6.791196398306747,2.932407744553265,-4.287608335421698,0.1408195617598537,0.09307308066007289,0.20922481360400288,0.1458713483772582,0.4639998229897442,0.45591960058267356,0.7193199721106063,0.3930848966797695,FALSE,FALSE,FALSE,FALSE,TRUE,TRUE,TRUE,TRUE
Eubacterium_siraeum,-3.117567617060268,0.03924866230286178,NA,NA,0.3475622881110199,0.005134284348210102,NA,NA,-8.969809797271333,7.644427079023102,NA,NA,1,1,1,1,1,1,1,1,FALSE,FALSE,FALSE,FALSE,TRUE,TRUE,TRUE,TRUE
GGB3444_SGB4594,NA,NA,NA,NA,NA,NA,NA,NA,NA,NA,NA,NA,1,1,1,1,1,1,1,1,FALSE,FALSE,FALSE,FALSE,TRUE,TRUE,TRUE,TRUE
Lacticaseibacillus_paracasei,1.058659917941035,-0.02824534069545755,0.010378563426109728,1.166354195447809,0.6918797918599848,0.008970427558396079,0.038535047882521,0.832393531415386,1.5301211719091157,-3.1487173283084675,0.26932789749606906,1.40120526100745,0.1865413150493631,0.025415609507453255,0.7984383464664078,0.22006487080708578,0.5558088529946159,0.27109983474616806,1,0.5191971899418275,FALSE,FALSE,FALSE,FALSE,TRUE,TRUE,TRUE,TRUE
GGB9719_SGB15272,NA,NA,NA,NA,NA,NA,NA,NA,NA,NA,NA,NA,1,1,1,1,1,1,1,1,FALSE,FALSE,FALSE,FALSE,TRUE,TRUE,TRUE,FALSE
Christensenella_hongkongensis,NA,NA,NA,NA,NA,NA,NA,NA,NA,NA,NA,NA,1,1,1,1,1,1,1,1,FALSE,FALSE,FALSE,FALSE,TRUE,TRUE,TRUE,TRUE
Odoribacter_splanchnicus,1.1981982469444445,-0.013694957574748225,-0.04161377595671431,3.2800140345372206,0.3146372428254977,0.002831988870694417,0.010398785842448348,0.2725841164783139,3.808189507969285,-4.835809108031614,-4.001791804082055,12.03303434152287,0.163480375532266,0.12981721300092536,0.1558911891555643,0.05278471089787835,0.504228628147712,0.5729863194523602,0.6264496117346441,0.24557139852477125,FALSE,FALSE,FALSE,FALSE,TRUE,FALSE,TRUE,TRUE
Limosilactobacillus_reuteri,-16.100622416958156,-0.1540303007740829,0.8070763385866696,18.72232342611493,0.2972275956468841,0.002397712007944293,0.008211345300549023,0.23907069580327606,-54.1693390949009,-64.24053441937032,98.28795514575513,78.31291645012384,1,1,1,1,1,1,1,1,FALSE,FALSE,FALSE,FALSE,TRUE,TRUE,TRUE,TRUE
Anaerotruncus_colihominis,4.393702747553767,-0.05258911732435756,0.06097310322217562,NA,0.5963703261270503,0.005947698279284243,0.02321553898458426,NA,7.367406718720165,-8.84192755835056,2.626391886170009,NA,1,1,1,1,1,1,1,1,FALSE,FALSE,FALSE,FALSE,TRUE,FALSE,TRUE,TRUE
Clostridiales_bacterium,NA,NA,NA,NA,NA,NA,NA,NA,NA,NA,NA,NA,1,1,1,1,1,1,1,1,FALSE,FALSE,FALSE,FALSE,FALSE,FALSE,TRUE,TRUE
Lachnoclostridium_pacaense,-12.979432879452744,-0.05697824246845175,1.1913274535294511,NA,0.3835515953779689,0.004210045682693309,0.0168790997923554,NA,-33.84012225698665,-13.533877483248789,70.58003496543147,NA,1,1,1,1,1,1,1,1,FALSE,FALSE,FALSE,FALSE,TRUE,TRUE,TRUE,TRUE
Lactonifactor_longoviformis,-6.153178521252963,0.03211561879205056,NA,NA,0.33045231560163724,0.0046346997812038255,NA,NA,-18.620473305052176,6.929384924196491,NA,NA,1,1,1,1,1,1,1,1,FALSE,FALSE,FALSE,FALSE,FALSE,FALSE,TRUE,TRUE
GGB9534_SGB14937,NA,NA,NA,NA,NA,NA,NA,NA,NA,NA,NA,NA,1,1,1,1,1,1,1,1,FALSE,FALSE,FALSE,FALSE,TRUE,TRUE,TRUE,TRUE
Parasutterella_excrementihominis,-22.134567618347205,-0.42825464244572287,3.229023050831413,11.266593311944948,0.40384237167194387,0.00494435375614267,0.021978421375353288,0.4154172452486677,-54.80991884706921,-86.61488711516166,146.9178789361303,27.121149737538687,1,1,1,1,1,1,1,1,FALSE,FALSE,FALSE,FALSE,TRUE,TRUE,TRUE,TRUE
GGB3511_SGB4688,1.1299476243016782,-0.0010284827563971698,-0.020856329083594437,-0.5353945525564542,0.3392446659537682,0.003242069341004943,0.008791880459529854,0.2999784553409584,3.3307749176391352,-0.3172303390890373,-2.372226189789406,-1.7847766832051974,0.0795332682604271,0.781123362765247,0.14105331172066085,0.2162246739813197,0.3283954302366022,1,0.6120279288218504,0.5173225844786714,FALSE,FALSE,FALSE,FALSE,TRUE,TRUE,TRUE,TRUE
Enterococcus_avium,-8.180923387349539,0.07391365744781035,0.4817751955131613,-1.5164392979931836,0.3335946580236286,0.0024822216160663366,0.007913600196317453,0.25814504370982505,-24.523544339160498,29.777219314101337,60.87939541567345,-5.874369215849747,1,1,1,1,1,1,1,1,FALSE,FALSE,FALSE,FALSE,TRUE,TRUE,TRUE,TRUE
Coprobacillus_cateniformis,-2.8261185453827884,0.03960027946026151,0.12723099370754185,-7.1343657009815,0.299126532543607,0.002366357930520467,0.00796730444487913,0.2391104230397583,-9.447903271405032,16.734695520703266,15.969139197300002,-29.837117137278568,1,1,1,1,1,1,1,1,FALSE,FALSE,FALSE,FALSE,TRUE,TRUE,TRUE,FALSE
Lawsonella_SGB3665,0.9483269685682763,-0.06041138103887498,0.05601252518311241,7.203773923788545,0.5096493711117659,0.0029885134978495467,0.009747823640805599,0.37654983480517346,1.8607439198827316,-20.214525074872633,5.746157013821734,19.1309974349498,0.2038477376573266,0.002438272607222928,0.028976293744186324,0.002721130036108493,0.5676143724730569,0.1089203436370843,0.2904222458282861,0.06360995820071441,FALSE,FALSE,FALSE,FALSE,TRUE,FALSE,TRUE,TRUE
Faecalibacillus_faecis,NA,NA,NA,NA,NA,NA,NA,NA,NA,NA,NA,NA,1,1,1,1,1,1,1,1,FALSE,FALSE,FALSE,FALSE,TRUE,TRUE,TRUE,TRUE
Eubacterium_sp_c_25,-1.6011948134192904,0.02654522024570816,NA,NA,0.3112641497595327,0.004508836710552591,NA,NA,-5.144167147602107,5.8873767115098845,NA,NA,1,1,1,1,1,1,1,1,FALSE,FALSE,FALSE,FALSE,TRUE,TRUE,TRUE,TRUE
Anaerococcus_obesiensis,-0.016558939240559463,-0.007248133271313917,-0.026983501387863856,2.0877317435476206,0.43389347517507615,0.002633534145010869,0.0097242807204865455,0.32418955171917396,-0.03816360509656875,-2.7522457929946462,-2.7748583328139214,6.439848947865222,0.9757160793610454,0.22186766310389755,0.220200949726966,0.09807305249209097,1,0.7573082900613037,0.7417295148697801,0.3140203809113747,FALSE,FALSE,FALSE,FALSE,TRUE,FALSE,TRUE,TRUE
