"variable","value"
"N (paired patients)","35"
"Age (years), Shapiro–Wilk p-value","0.01841"
"Age (years), mean ± SD","28.8 ± 17.9"
"Age (years), median [IQR]","26.0 [13.5–45.5]"
"AgeGroup, n (%)","adult: 21 (60%); pediatric: 14 (40%)"
"Sex, n (%)","female: 16 (45.7%); male: 19 (54.3%)"
"MutationGroup, n (%)","heterozygous: 17 (48.6%); homozygous: 18 (51.4%)"
"Mutation1, n (%)","F508del: 35 (100%)"
"Mutation2, n (%)","3849+10kbC>T: 1 (2.9%); c.580-1G>T: 1 (2.9%); Dele 22-23: 1 (2.9%); F508del: 18 (51.4%); G542X: 4 (11.4%); G85E: 1 (2.9%); H1194/V754M: 1 (2.9%); H199Y: 1 (2.9%); I507del: 1 (2.9%); L206W: 1 (2.9%); N1303K: 2 (5.7%); P205S: 1 (2.9%); R117C: 1 (2.9%); R334W: 1 (2.9%)"
"PI, n (%)","no: 6 (17.1%); yes: 29 (82.9%)"
"CFLD, n (%)","no: 28 (80%); yes: 7 (20%)"
"CFRD, n (%)","no: 24 (68.6%); yes: 11 (31.4%)"
"coeliac_disease, n (%)","no: 32 (91.4%); yes: 3 (8.6%)"
"colon_carcinoma, n (%)","no: 34 (97.1%); yes: 1 (2.9%)"
"mCFTRGroup, n (%)","lumiva: 3 (8.6%); lumiva_teziva_iva: 2 (5.7%); naive: 14 (40%); teziva_iva: 16 (45.7%)"
